日,날일,じつ·にち,か·ひ
一,한 일,いち·いつ,ひと·ひとつ
人,사람 인,じん·にん,ひと
年,해 년(연),ねん,とし
大,큰 대,たい·だい,おお·おおいに·おおきい
十,열 십,じっ·じゅう,と·とお
二,두 이,に,ふた·ふたつ
本,근본 본,ほん,もと
中,가운데 중,じゅう·ちゅう,なか
出,날 출,しゅつ·すい,だす·でる
三,석 삼,さん,み·みつ·みっつ
見,볼 견,けん,みえる·みせる·みる
月,달 월,がつ·げつ,つき
生,날 생,しょう·せい,いかす·いきる·いける·うまれる·うむ·なま·はえる·はやす·おう·き
五,다섯 오,ご,いつ·いつつ
上,위 상,じょう·しょう,あがる·あげる·うえ·うわ·かみ·のぼる·のぼす·のぼせる
四,넉 사,し,よ·よつ·よっつ·よん
金,"성 김, 쇠 금",きん·こん,かな·かね
九,아홉 구,きゅう·く,ここの·ここのつ
入,들 입,にゅう,いる·いれる·はいる
学,배울 학,がく,まなぶ
円,"화폐 단위 엔, 둥글 원",えん,まるい
子,아들 자,し·す,こ
八,여덟 팔,はち,や·やつ·やっつ·よう
六,여섯 륙(육),ろく,む·むい·むつ·むっつ
下,아래 하,か·げ,おりる·おろす·くださる·くだす·くだる·さがる·さげる·した·しも·もと
気,기운 기,き·け,
小,작을 소,しょう,お·こ·ちいさい
七,일곱 칠,しち,なな·ななつ·なの
山,메 산,さん,やま
女,계집 녀(여),じょ·にょ·にょう,おんな·め
百,"일백 백, 힘쓸 맥",ひゃく,
先,먼저 선,せん,さき
名,이름 명,みょう·めい,な
川,내 천,せん,かわ
千,일천 천,せん,ち
水,물 수,すい,みず
国,나라 국,こく,くに
長,긴 장,ちょう,ながい
男,사내 남,だん·なん,おとこ
時,때 시,じ,とき
行,"다닐 행, 항렬 항",ぎょう·こう·あん,いく·おこなう·ゆく
分,나눌 분,ぶ·ふん·ぶん,わかつ·わかる·わかれる·わける
後,뒤 후,ご·こう,あと·うしろ·のち·おくれる
前,앞 전,ぜん,まえ
間,사이 간,かん·けん,あいだ·ま
東,동녘 동,とう,ひがし
今,이제 금,こん·きん,いま
高,높을 고,こう,たか·たかい·たかまる·たかめる
校,학교 교,こう,
土,"흙 토, 뿌리 두",と·ど,つち
外,바깥 외,がい·げ,そと·はずす·はずれる·ほか
木,나무 목,ぼく·もく,き·こ
来,올 래,らい,くる·きたす·きたる
車,"수레 차, 수레 거",しゃ,くるま
話,말씀 화,わ,はなし·はなす
北,"북녘 북, 달아날 배",ほく,きた
午,낮 오,ご,
書,글 서,しょ,かく
半,반 반,はん,なかば
白,흰 백,はく·びゃく,しら·しろ·しろい
西,서녘 서,さい·せい,にし
電,번개 전,でん,
天,하늘 천,てん,あま·あめ
語,말씀 어,ご,かたらう·かたる
聞,들을 문,ぶん·もん,きく·きこえる
食,"밥 식, 먹을 식, 먹이 사, 사람 이름 이",しょく·じき,くう·たべる·くらう
何,"어찌 하, 꾸짖을 가",か,なに·なん
南,남녘 남,"なん, な",みなみ
火,불 화,か,ひ·ほ
右,"오른쪽 우, 도울 우",う·ゆう,みぎ
万,일만 만,まん·ばん,
左,왼 좌,さ,ひだり
休,쉴 휴,きゅう,やすまる·やすむ·やすめる
毎,매양 매,まい,
母,어미 모,ぼ,はは
読,"읽을 독, 구두 두",とう·とく·どく,よむ
友,벗 우,ゆう,とも
父,"아비 부, 자 보",ふ,ちち
雨,비 우,う,あま·あめ
室,집 실,しつ,むろ
歩,걸음 보,ほ·ぶ·ふ,あゆむ·あるく
転,구를 전,てん,ころがす·ころがる·ころげる·ころぶ
不,"아닐 부, 아닐 불, 클 비",ふ·ぶ,
風,바람 풍,ふう·ふ,かざ·かぜ
紙,종이 지,し,かみ
研,갈 연,けん,とぐ
黒,검을 흑,こく,くろ·くろい
春,"봄 춘, 움직을 준",しゅん,はる
以,써 이,い,
究,연구할 구,きゅう,きわめる
起,일어날 기,き,おきる·おこす·おこる
着,붙을 착,ちゃく·じゃく,きせる·きる·つく·つける
病,병 병,びょう·へい,やまい·やむ
待,기다릴 대,たい,まつ
族,"겨레 족, 풍류 가락 주",ぞく,
色,빛 색,しき·しょく,いろ
銀,은 은,ぎん,
走,달릴 주,そう,はしる
秋,가을 추,しゅう,あき
夏,여름 하,か·げ,なつ
医,의원 의,い,
仕,섬길 사,し·じ,つかえる
去,갈 거,きょ·こ,さる
別,"다를 별, 나눌 별",べつ,わかれる
味,맛 미,み,あじ·あじわう
写,베낄 사,しゃ,うつす·うつる
特,특별할 특,とく,
夕,저녁 석,せき,ゆう
注,부을 주,ちゅう,そそぐ
料,헤아릴 료(요),りょう,
建,세울 건,けん·こん,たつ·たてる
悪,"악할 악, 미워할 오",あく·お,わるい
館,집 관,かん,やかた
屋,집 옥,おく,や
試,시험 시,し,こころみる·ためす
験,시험할 험,けん·げん,
英,꽃부리 영,えい,
習,익힐 습,しゅう,ならう
曜,빛날 요,よう,
駅,"정거장 역, 역참 역",えき,
肉,"고기 육, 둘레 유",にく,
洋,큰 바다 양,よう,
旅,나그네 려(여),りょ,たび
鳥,새 조,ちょう,とり
質,"바탕 질, 폐백 지",しつ·しち·ち,
冬,겨울 동,とう,ふゆ
犬,개 견,けん,いぬ
服,옷 복,ふく,
昼,낮 주,ちゅう,ひる
茶,"차 다, 차 차",ちゃ·さ,
私,사사 사,し,わたくし·わたし
弟,아우 제,だい·で·てい,おとうと
飲,마실 음,いん,のむ
牛,소 우,ぎゅう,うし
魚,"고기 어, 물고기 어",ぎょ,うお·さかな
兄,"형 형, 두려워할 황",きょう·けい,あに
勉,힘쓸 면,べん,
映,비칠 영,えい,うつす·うつる·はえる
借,"빌 차, 빌릴 차",しゃく,かりる
妹,누이 매,まい,いもうと
堂,집 당,どう,
姉,손윗누이 자,し,あね
飯,밥 반,はん,めし
貸,"빌릴 대, 뀔 대, 빌릭 특",たい,かす
漢,"한수 한, 한나라 한, 신년 탄",かん,
立,설 립(입),りつ·りゅう,たつ·たてる
手,손 수,しゅ,て·た
力,힘 력(역),りき·りょく,ちから
目,눈 목,もく·ぼく,め·ま
田,밭 전,でん,た
正,바를 정,しょう·せい,ただしい·ただす·まさ
文,글월 문,ぶん·もん,ふみ
会,모을 회,かい·え,あう
同,한가지 동,どう,おなじ
自,스스로 자,し·じ,みずから
社,모일 사,しゃ,やしろ
地,땅 지,じ·ち,
方,"모 방,  본뜰 방, 괴물 망",ほう,かた
新,새 신,しん,あたらしい·あらた·にい
場,마당 장,じょう,ば
口,입 구,く·こう,くち
町,밭두둑 정,ちょう,まち
明,밝을 명,みょう·めい,あかす·あからむ·あかり·あかるい·あかるむ·あきらか·あく·あくる·あける
京,"서울 경, 언덕 원",きょう·けい,
空,빌 공,くう,あく·あける·から·そら
通,통할 통,つう·つ,かよう·とおす·とおる
言,"말씀 언, 화기애애할 은",げん·ごん,いう·こと
理,다스릴 리(이),り,
体,몸 체,たい·てい,からだ
作,지을 작,さ·さく,つくる
用,쓸 용,よう,もちいる
強,굳셀 강,きょう·ごう,つよい·つよまる·つよめる·しいる
足,"발 족, 지날 주",そく,あし·たす·たりる·たる
公,공평할 공,こう,おおやけ
野,들 야,や,の
思,"생각 사, 수염이 많을 새",し,おもう
家,"집 가, 계집 고",か·け,いえ·や
多,많을 다,た,おおい
心,마음 심,しん,こころ
教,가르칠 교,きょう,おしえる·おそわる
早,이를 조,そう·さっ,はやい·はやまる·はやめる
元,으뜸 원,がん·げん,もと
近,"가까울 근, 어조사 기",きん,ちかい
考,"생각할 고, 살필 고",こう,かんがえる
画,그림 화,が·かく,
海,바다 해,かい,うみ
売,팔 매,ばい,うる·うれる
知,알 지,ち,しる
道,길 도,どう·とう,みち
計,셀 계,けい,はからう·はかる
事,일 사,じ·ず,こと
朝,아침 조,ちょう,あさ
字,글자 자,じ,あざ
発,"필 발, 쏠 발",はつ·ほつ,
台,"별 태, 나 이, 대 대",たい·だい,
広,넓을 광,こう,ひろい·ひろがる·ひろげる·ひろまる·ひろめる
音,소리 음,おん·いん,おと·ね
者,놈 자,しゃ,もの
業,업 업,ぎょう·ごう,わざ
員,"인원 원, 더할 운",いん,
開,열 개,かい,あく·あける·ひらく·ひらける
少,적을 소,しょう,すくない·すこし
問,들을 문,もん,とい·とう·とん
代,대신할 대,たい·だい,かえる·かわる·よ·しろ
工,장인 공,く·こう,
動,움직일 동,どう,うごかす·うごく
止,그칠 지,し,とまる·とめる
主,"임그 주, 주인 주",しゅ·す,おも·ぬし
題,제목 제,だい,
切,"끊을 절, 온통 체",せつ·さい,きる·きれる
意,뜻 의,い,
度,"법도 도, 헤아릴 탁",ど·たく·と,たび
持,가질 지,じ,もつ
花,꽃 화,か,はな
赤,붉을 적,せき·しゃく,あか·あかい·あからむ·あからめる
青,푸를 청,せい·しょう,あお·あおい
世,인간 세,せ·せい,よ
安,편안 안,あん,やすい
楽,"즐길 락, 풍류 락, 좋아할 요",がく·らく,たのしい·たのしむ
院,집 원,いん,
店,가게 점,てん,みせ
界,지경 계,かい,
親,친할 친,しん,おや·したしい·したしむ
重,무거울 중,じゅう·ちょう,おもい·かさなる·かさねる·え
集,모을 집,しゅう,あつまる·あつめる·つどう
物,물건 물,ぶつ·もつ,もの
使,"하여금 사, 부릴 사",し,つかう
品,물건 품,ひん,しな
死,죽을 사,し,しぬ
始,비로소 시,し,はじまる·はじめる
運,옮길 운,うん,はこぶ
終,마칠 종,しゅう,おえる·おわる
答,대답 답,とう,こたえ·こたえる
夜,밤 야,や,よ·よる
住,살 주,じゅう,すまう·すむ
帰,돌아갈 귀,き,かえす·かえる
真,참 진,しん,ま
古,예 고,こ,ふるい·ふるす
有,있을 유,ゆう·う,ある
歌,노래 가,か,うた·うたう
買,살 매,ばい,かう
急,급할 급,きゅう,いそぐ
送,보낼 송,そう,おくる
図,그림 도,ず·と,はかる
週,주일 주,しゅう,
咲,필 소,,さく
召,부를 소,しょう,めす
缶,"장군 부, 두레박 관",かん,
隻,외짝 척,せき,
脂,기름 지,し,あぶら
肌,살 기,,はだ
靴,신 화,か,くつ
鈍,둔할 둔,どん,にぶい·にぶる
恥,부끄러울 치,ち,はじ·はじらう·はじる·はずかしい
泥,진흙 니(이),でい,どろ
隅,모퉁이 우,ぐう,すみ
偶,짝 우,ぐう,
辛,매울 신,しん,からい
磨,갈 마,ま,みがく
姓,성 성,しょう·せい,
筒,통 통,とう,つつ
粒,낟알 립(입),りゅう,つぶ
偉,클 위,い,えらい
畳,겹쳐질 첩,じょう,たたみ·たたむ
膚,살갗 부,ふ,
濯,씻을 탁,たく,
猫,고양이 묘,びょう,ねこ
塔,탑 탑,とう,
沸,"끓을 비, 용속을할 불",ふつ,わかす·わく
菓,"과자 과, 실과 과",か,
幾,몇 기,き,いく
帽,모자 모,ぼう,
枯,마를 고,こ,からす·かれる
涼,서늘할 량,りょう,すずしい·すずむ
舟,배 주,しゅう,ふな·ふね
符,부호 부,ふ,
憎,미울 증,ぞう,にくい·にくしみ·にくむ·にくらしい
肯,즐길 긍,こう,
燥,마를 조,そう,
畜,짐승 축,ちく,
坊,동네 방,ぼう·ぼっ,
挟,낄 협,きょう,はさまる·はさむ
曇,흐릴 담,どん,くもる
滴,물방울 적,てき,しずく·したたる
伺,엿볼 사,し,うかがう
村,마을 촌,そん,むら
合,합할 합,かっ·がっ·ごう,あう·あわす·あわせる
市,저자 시,し,いち
内,안 내,ない·だい,うち
回,돌아올 회,かい·え,まわす·まわる
米,쌀 미,べい·まい,こめ
当,마땅할 당,とう,あたる·あてる
首,머리 수,しゅ,くび
石,돌 석,しゃく·せき·こく,いし
数,셀 수,すう·す,かず·かぞえる
記,기록할 기,き,しるす
点,"점 점, 시들 다",てん,
活,"살 활, 물 콸콸 흐를 괄",かつ,
原,"언덕 원, 근원 원",げん,はら
交,사귈 교,こう,まざる·まじえる·まじる·まじわる·まぜる·かう·かわす
組,짤 조,そ,くみ·くむ
引,끌 인,いん,ひく·ひける
直,곧을 직,じき·ちょく,ただちに·なおす·なおる
対,대할 대,たい·つい,
部,떼 부,ぶ,
相,서로 상,そう·しょう,あい
定,정할 정,じょう·てい,さだまる·さだめる·さだか
実,열매 실,じつ,み·みのる
決,결단할 결,けつ,きまる·きめる
全,온전 전,ぜん,すべて·まったく
表,겉 표,ひょう,あらわす·あらわれる·おもて
調,"고를 조, 아침 주",ちょう,しらべる·ととのう·ととのえる
化,될 화,か·け,ばかす·ばける
期,기약할 기,き·ご,
番,"차례 번, 날랠 파",ばん,
取,가질 취,しゅ,とる
都,도읍 도,つ·と,みやこ
和,화할 화,わ·お,なごむ·なごやか·やわらぐ·やわらげる
平,평평할 평,びょう·へい,たいら·ひら
算,셈 산,さん,
受,받을 수,じゅ,うかる·うける
区,"지경 구, 구역 구",く,
竹,대 죽,ちく,たけ
県,"매달 현, 고을 현",けん,
進,"나아갈 진, 선사 신",しん,すすむ·すすめる
森,수풀 삼,しん,もり
線,줄 선,せん,
指,가리킬 지,し,さす·ゆび
声,소리 성,せい·しょう,こえ·こわ
予,미리 예,よ,
向,"향할 향, 성 상",こう,むかう·むく·むける·むこう
勝,이길 승,しょう,かつ·まさる
面,"낯 면, 밀가루 면",めん,おも·おもて·つら
委,맡길 위,い,ゆだねる
形,모양 형,ぎょう·けい,かた·かたち
反,돌이킬 반,はん·たん·ほん,そらす·そる
林,수풀 림,りん,はやし
頭,머리 두,ず·とう·と,あたま·かしら
所,바 소,しょ,ところ
次,버금 차,じ·し,つぎ·つぐ
門,문 문,もん,かど
王,임금 왕,おう,
係,맬 계,けい,かかり·かかる
感,느낄 감,かん,
投,"던질 투, 머무를 두",とう,なげる
打,칠 타,だ,うつ
島,섬 도,とう,しま
両,두 량,りょう,
式,법 식,しき,
議,의논할 의,ぎ,
民,백성 민,みん,たみ
連,이을 련(연),れん,つらなる·つらねる·つれる
談,말씀 담,だん,
流,흐를 류(유),りゅう·る,ながす·ながれる
谷,"굴 곡, 곡식 곡, 나라 이름 욕, 벼슬 이름 록",こく,たに
玉,구슬 옥,ぎょく,たま
選,가릴 선,せん,えらぶ
局,판 국,きょく,
放,놓을 방,ほう,はなす·はなつ·はなれる·ほうる
関,빗장 관,かん,かかわる·せき
光,빛 광,こう,ひかり·ひかる
球,공 구,きゅう,たま
科,과목 과,か,
戦,싸울 전,せん,たたかう·いくさ
最,가장 최,さい,もっとも
細,가늘 세,さい,こまか·こまかい·ほそい·ほそる
丸,둥글 환,がん,まる·まるい·まるめる
役,부릴 역,やく·えき,
身,몸 신,しん,み
約,맺을 약,やく,
太,클 태,た·たい,ふとい·ふとる
由,말미암을 유,ゆ·ゆう·ゆい,よし
法,법 법,ほう·はっ·ほっ,
的,과녁 적,てき,まと
要,요긴할 요,よう,かなめ·いる
治,"다스릴 치, 물 이름 지",じ·ち,おさまる·おさめる·なおす·なおる
成,이룰 성,せい·じょう,なす·なる
消,사라질 소,しょう,きえる·けす
神,귀신 신,しん·じん,かみ·かん·こう
戸,지게 호,こ,と
協,화합할 협,きょう,
機,틀 기,き,はた
加,더할 가,か,くわえる·くわわる
配,"나눌 배, 짝 배",はい,くばる
続,계속 속,ぞく,つづく·つづける
退,물러날 퇴,たい,しりぞく·しりぞける
準,"준할 준, 콧마루 절",じゅん,
認,"알 인, 적을 잉",にん,みとめる
息,쉴 식,そく,いき
造,지을 조,ぞう,つくる
技,재주 기,ぎ,わざ
航,배 항,こう,
復,"회복할 복, 다시 부",ふく,
冷,찰 랭(냉),れい,さます·さめる·つめたい·ひえる·ひや·ひやかす·ひやす
虫,벌레 충,ちゅう,むし
移,"옮길 이, 크게 할 치",い,うつす·うつる
雪,눈 설,せつ,ゆき
類,"무리 류(유), 치우칠 뢰(뇌)",るい,たぐい
個,낱 개,こ,
児,아이 아,じ·に,
論,"논할 론(논), 조리 륜(윤)",ろん,
印,도장 인,いん,しるし
輪,바퀴 륜(윤),りん,わ
板,널 판,はん·ばん,いた
非,아닐 비,ひ,
列,벌릴 렬(열),れつ,
熱,더울 열,ねつ,あつい
革,"가죽 혁, 중해질 극",かく,かわ
清,맑을 청,せい·しょう,きよい·きよまる·きよめる
覚,깨달을 각,かく,おぼえる·さます·さめる
遊,놀 유,ゆう·ゆ,あそぶ
億,억 억,おく,
芸,"평지 운, 재주 예, 심을 예",げい,
君,임금 군,くん,きみ
財,재물 재,ざい·さい,
識,"알 식, 적을 지, 깃발 치",しき,
毛,터럭 모,もう,け
便,"편할 편, 똥오줌 변",びん·べん,たより
停,머무를 정,てい,
陸,뭍 륙(육),りく,
疑,"의심할 의, 안정할 응",ぎ,うたがう
程,"한도 정, 길 정",てい,ほど
帯,띠 대,たい,おび·おびる
努,힘쓸 노,ど,つとめる
固,굳을 고,こ,かたい·かたまる·かためる
接,이을 접,せつ,つぐ
散,흩을 산,さん,ちらかす·ちらかる·ちらす·ちる
章,글 장,しょう,
静,고요할 정,せい·じょう,しず·しずか·しずまる·しずめる
効,본받을 효,こう,きく
供,이바지할 공,きょう·く,そなえる·とも
喜,기쁠 희,き,よろこぶ
囲,둘레 위,い,かこう·かこむ
卒,마칠 졸,そつ,
割,벨 할,かつ,わり·わる·われる·さく
旧,옛 구,きゅう,
酒,술 주,しゅ,さか·さけ
順,순할 순,じゅん,
難,"어려울 난, 우거질 나",なん,むずかしい·かたい
黄,누를 황,おう·こう,き·こ
補,"기울 보, 도울 보",ほ,おぎなう
悲,슬플 비,ひ,かなしい·かなしむ
秒,"분초 초, 까끄라기 묘",びょう,
優,"넉넉할 우, 뛰어날 우",ゆう,すぐれる·やさしい
師,스승 사,し,
収,거둘 수,しゅう,おさまる·おさめる
易,"바꿀 역, 쉬울 이",い·えき,やさしい
雲,"구름 운, 이를 운",うん,くも
老,늙을 로(노),ろう,おいる·ふける
令,하여금 령(영),れい,
糸,실 사,し,いと
券,문서 권,けん,
宅,"댁 댁, 집 택",たく,
暗,어두울 암,あん,くらい
徒,무리 도,と,
破,깨드릴 파,は,やぶる·やぶれる
編,엮을 편,へん,あむ
警,깨우칠 경,けい,
貨,재물 화,か,
鳴,울 명,めい,なく·ならす·なる
責,"꾸짖을 책, 빚 채",せき,せめる
訪,찾을 방,ほう,たずねる·おとずれる
採,"캘 채, 풍채 채",さい,とる
季,계절 계,き,
陽,볕 양,よう,
域,지경 역,いき,
欠,"이지러질 결, 하품 흠",けつ,かく·かける
因,인할 인,いん,よる
皮,가죽 피,ひ,かわ
底,밑 저,てい,そこ
富,부자 부,ふ·ふう,とみ·とむ
担,멜 담,たん,かつぐ·になう
歯,이 치,し,は
貿,무역할 무,ぼう,
講,"욀 강, 얽을 구",こう,
河,물 하,か,かわ
柱,기둥 주,ちゅう,はしら
願,원할 원,がん,ねがう
希,바랄 희,き,
祭,제사 제,さい,まつり·まつる
適,맞을 적,てき,
婦,며느리 부,ふ,
寄,부칠 기,き,よせる·よる
筆,붓 필,ひつ,ふで
余,"나 여, 남을 여",よ,あます·あまる
禁,금할 금,きん,
逆,거스릴 역,ぎゃく,さか·さからう
童,아이 동,どう,わらべ
若,"같을 약, 반야 야",じゃく·にゃく,わかい·もしくは
笑,웃음 소,しょう,わらう·えむ
脳,"머리 뇌, 뇌 뇌",のう,
久,오랠 구,きゅう·く,ひさしい
束,묶을 속,そく,たば
妻,아내 처,さい,つま
仲,버금 중,ちゅう,なか
暴,"사나울 폭, 쬘 폭, 사나을 포",ぼう·ばく,あばれる·あばく
栄,"영화로울 영, 꽃 영",えい,さかえる·はえ·はえる
札,편지 찰,さつ,ふだ
蔵,감출 장,ぞう,くら
段,층계 단,だん,
険,험할 험,けん,けわしい
均,고를 균,きん,
圧,누를 압,あつ,
許,"허락할 허, 이영차 호",きょ,ゆるす
畑,화전 전,はた,はたけ
呼,부를 호,こ,よぶ
緑,"초록빛 록, 푸를 록",りょく·ろく,みどり
包,쌀 포,ほう,つつむ
礼,"예절 례, 예도 례",れい·らい,
留,머무를 류(유),りゅう·る,とまる·とめる
罪,허물 죄,ざい,つみ
針,바늘 침,しん,はり
専,오로지 전,せん,もっぱら
折,"꺾을 절, 천천히 할 제",せつ,おり·おる·おれる
昔,예 석,しゃく·せき,むかし
値,값 치,ち,ね·あたい
精,정할 정,せい·しょう,
則,"법칙 칙, 곧 즉",そく,
焼,불사를 소,しょう,やく·やける
測,헤아릴 측,そく,はかる
豊,풍년 풍,ほう,ゆたか
厚,두터울 후,こう,あつい
泳,헤엄칠 영,えい,およぐ
略,"간략할 략(약), 약할 략(약)",りゃく,
処,곳 처,しょ,
承,이을 승,しょう,うけたまわる
荷,멜 하,か,に
照,비칠 조,しょう,てらす·てる·てれる
絶,끊을 절,ぜつ,たえる·たつ·たやす
否,"아닐 부, 막힐 비",ひ,いな
版,판목 판,はん,
存,있을 존,そん·ぞん,
損,덜 손,そん,そこなう·そこねる
才,재주 재,さい,
座,자리 좌,ざ,すわる
仏,부처 불,ぶつ,ほとけ
績,길쌈할 적,せき,
築,"쌓을 축, 악기 이름 축",ちく,きずく
除,"덜 제, 사월 여",じょ·じ,のぞく
降,"내릴 강, 항복할 항",こう,おりる·おろす·ふる
混,"섞을 혼, 오랑캐 곤",こん,こむ·まざる·まじる·まぜる
並,나란할 병,へい,なみ·ならびに·ならぶ·ならべる
危,위태할 위,き,あぶない·あやうい·あやぶむ
居,"살 거, 어조사 기",きょ,いる
雑,섞일 잡,ざつ·ぞう,
招,"부를 초, 지적할 교, 별 이름 소",しょう,まねく
永,길 영,えい,ながい
炭,숱 탄,たん,すみ
刊,새길 간,かん,
像,모양 상,ぞう,
将,"장차 장, 장수 장",しょう,
漁,고기 잡을 어,ぎょ·りょう,
賛,도울 찬,さん,
貯,쌓을 저,ちょ,
犯,범할 범,はん,おかす
布,"베 포, 펼 포, 보시 보",ふ,ぬの
貝,조개 패,,かい
装,꾸밀 장,そう·しょう,よそおう
諸,"모두 제, 김치 저",しょ,
亡,망할 망,ぼう·もう,ない
劇,심할 극,げき,
湖,호수 호,こ,みずうみ
湯,"끊일 탕, 물이 세차게 흐를 상, 해돋이 양",とう,ゆ
箱,상자 상,,はこ
訓,"가르칠 훈, 길 순",くん,
浴,목욕할 욕,よく,あびせる·あびる
複,"겹칠 복, 겹칠 부",ふく,
塩,소금 염,えん,しお
似,닮을 사,じ,にる
背,등 배,はい,せ·せい·そむく·そむける
麦,보리 맥,ばく,むぎ
迷,미혹할 미,めい,まよう
夢,꿈 몽,む,ゆめ
兆,억조 조,ちょう,きざし·きざす
燃,탈 연,ねん,もえる·もす·もやす
歳,해 세,さい·せい,
署,마을 서,しょ,
祝,"빌 축, 빌 주",しゅく·しゅう,いわう
延,늘일 연,えん,のばす·のびる·のべる
預,"맡길 예, 미리 예",よ,あずかる·あずける
乱,어지러울 란,らん,みだす·みだれる
衣,옷 의,い,ころも
与,줄 여,よ,あたえる
氷,얼음 빙,ひょう,こおり·ひ
寒,찰 한,かん,さむい
賞,상줄 상,しょう,
辺,가 변,へん,あたり·べ
遠,멀 원,えん·おん,とおい
低,낮을 저,てい,ひくい·ひくまる·ひくめる
在,있을 재,ざい,ある
件,물건 건,けん,
団,둥글 단,だん·とん,
絵,그림 회,え·かい,
任,맡길 임,にん,まかす·まかせる
鉄,쇠 철,てつ,
失,잃을 실,しつ,うしなう
差,"다를 차, 어긋날 치, 버금 채",さ,さす
課,"공부활 과, 과정 과",か,
末,끝 말,まつ·ばつ,すえ
返,돌이킬 반,へん,かえす·かえる
増,"붙을 증, 더할 증",ぞう,ふえる·ふやす·ます
極,"극진할 극, 다할 극",きょく·ごく,きわまる·きわみ·きわめる
種,씨 종,しゅ,たね
短,짧을 단,たん,みじかい
情,뜻 정,じょう·せい,なさけ
油,기름 유,ゆ,あぶら
示,"보일 시, 땅 귀신 기",じ·し,しめす
量,헤아릴 량(양),りょう,はかる
望,바랄 망,ぼう·もう,のぞむ
植,"심을 식, 둘 치",しょく,うえる·うわる
宿,"잘 숙, 별자리 수",しゅく,やど·やどす·やどる
薬,약 약,やく,くすり
観,볼 관,かん,
察,살필 찰,さつ,
確,굳을 확,かく,たしか·たしかめる
型,모형 형,けい,かた
倍,곱 배,ばい,
勢,형세 세,せい,いきおい
減,덜 감,げん,へらす·へる
容,얼굴 용,よう,
党,무리 당,とう,
演,펼 연,えん,
達,통달할 달,たつ,
能,"능할 능,  견딜 내",のう,
良,어질 량(양),りょう,よい
再,두 재,さ·さい,ふたたび
弱,약할 약,じゃく,よわい·よわまる·よわめる·よわる
格,"격식 격, 그칠 각",かく·こう,
候,기후 후,こう,そうろう
史,사기 사,し,
過,지날 과,か,すぎる·すごす·あやまち·あやまつ
波,"물결 파, 방죽 피",は,なみ
満,찰 만,まん,みたす·みちる
敗,패할 패,はい,やぶれる
税,세금 세,ぜい,
管,"대롱 관, 주관할 관",かん,くだ
常,떳떳할 상,じょう,つね·とこ
兵,병사 병,へい·ひょう,
状,"형상 상, 문서 장",じょう,
営,경영할 영,えい,いとなむ
職,직분 직,しょく,
積,"쌓을 적, 저축 자",せき,つむ·つもる
可,"옳을 가, 오랑캐 임금 이름 극",か,
構,"얽을 구, 닥나무 구",こう,かまう·かまえる
録,기록할 록,ろく,
省,"살필 성, 덜 생",しょう·せい,はぶく·かえりみる
比,견줄 비,ひ,くらべる
防,막을 방,ぼう,ふせぐ
幸,다행 행,こう,さいわい·しあわせ·さち
練,익힐 련(연),れん,ねる
周,두루 주,しゅう,まわり
軽,가벼울 경,けい,かるい·かろやか
材,재목 재,ざい,
断,끊을 단,だん,ことわる·たつ
晴,갤 청,せい,はらす·はれる
等,무리 등,とう,ひとしい
境,지경 경,きょう·けい,さかい
規,법 규,き,
術,"재주 술, 취락 이름 수",じゅつ,
飛,날 비,ひ,とばす·とぶ
殺,"죽일 살, 감할 살, 빠를 쇄, 맴도는 모양 설, 윗사람 죽일 시 ",さつ·さい·せつ,ころす
導,인도할 도,どう,みちびく
曲,굽을 곡,きょく,まがる·まげる
備,갖출 비,び,そなえる·そなわる
単,홑 단,たん,
庭,뜰 정,てい,にわ
完,완전할 완,かん,
輸,보낼 수,ゆ,
血,피 혈,けつ,ち
述,펼 술,じゅつ,のべる
競,다툴 경,きょう·けい,きそう·せる
権,"저울추 권, 권세 권",けん·ごん,
温,따뜻할 온,おん,あたたか·あたたかい·あたたまる·あたためる
武,호반 무,ぶ·む,
給,줄 급,きゅう,
済,건널 제,さい,すます·すむ
庫,곳집 고,こく,
歴,지낼 력,れき,
限,"한할 한, 심할 은",げん,かぎる
辞,말씀 사,じ,やめる
額,이마 액,がく,ひたい
坂,고개 판,はん,さか
愛,사랑 애,あい,
耳,귀 이,じ,みみ
未,아닐 미,み,
群,무리 군,ぐん,むら·むれ·むれる
庁,관청 청,ちょう,
臣,신하 신,しん·じん,
城,재 성,じょう,しろ
拾,"주을 습, 열 십, 오를 섭",しゅう·じゅう,ひろう
浅,얕을 천,せん,あさい
違,어긋날 위,い,ちがう·ちがえる
層,층 층,そう,
裏,속 리(이),り,うら
勤,부지런할 근,きん·ごん,つとまる·つとめる
困,곤할 곤,こん,こまる
快,쾌할 쾌,かい,こころよい
著,"나타날 저, 입을 착",ちょ,あらわす·いちじるしい
誌,기록할 지,し,
勇,날랠 용,ゆう,いさむ
刻,새길 각,こく,きざむ
械,기계 계,かい,
菜,나물 채,さい,な
欧,토할 구,おう,
宇,집 우,う,
被,입을 피,ひ,こうむる
刷,인쇄할 쇄,さつ,する
渡,건널 도,と,わたす·わたる
欲,하고자 할 욕,よく,ほしい·ほっする
痛,아플 통,つう,いたい·いたむ·いためる
枚,낱 매,まい,
郵,우편 우,ゆう,
含,머금을 함,がん,ふくむ·ふくめる
探,찾을 탐,たん,さがす·さぐる
孫,손자 손,そん,まご
骨,뼈 골,こつ,ほね
届,이를 계,,とどく·とどける
巻,쇠뇌 권,かん,まき·まく
況,상황 황,きょう,
慣,익숙할 관,かん,ならす·なれる
鼻,코 비,び,はな
閉,닫을 폐,へい,しまる·しめる·とじる·とざす
毒,독 독,どく,
突,갑자기 돌,とつ,つく
暮,저물 모,ぼ,くらす·くれる
液,"진 액, 담글 석",えき,
簡,"대쪽 간, 간략할 간",かん,
貧,가난할 빈,びん·ひん,まずしい
臓,오장 장,ぞう,
律,법칙 률(율),りつ·りち,
祖,할아비 조,そ,
湾,물굽이 만,わん,
粉,가루 분,ふん,こ·こな
純,"순수할 순, 검은 비단 치",じゅん,
捜,찾을 수,そう,さがす
超,뛰어넘을 초,ちょう,こえる·こす
吸,마실 흡,きゅう,すう
療,"병 고칠 료(요), 병 삭",りょう,
捕,잡을 포,ほ,つかまえる·つかまる·とらえる·とらわれる·とる
翌,다음날 익,よく,
介,낄 개,かい,
片,조각 편,へん,かた
敬,공경 경,けい,うやまう
迎,맞을 영,げい,むかえる
販,팔 판,はん,
泉,샘 천,せん,いずみ
幅,"폭 폭, 행전 핍",ふく,はば
彼,저 피,ひ,かの·かれ
般,"가지 반, 일반 반",はん,
舞,춤출 무,ぶ,まい·まう
忘,잊을 망,ぼう,わすれる
込,담을 입,,こむ·こめる
皿,그릇 명,,さら
宝,보배 보,ほう,たから
換,바꿀 환,かん,かえる·かわる
胸,가슴 흉,きょう,むね·むな
砂,모래 사,さ·しゃ,すな
占,"점령할 점, 점칠 점",せん,うらなう·しめる
鉱,"쇳돌 광, 광물 광",こう,
誤,그르칠 오,ご,あやまる
灯,등잔 등,とう,ひ
頼,의지할 뢰,らい,たのむ·たのもしい·たよる
洗,씻을 세,せん,あらう
途,길 도,と,
枝,"가지 지, 육손이 기",し,えだ
抜,뺄 발,ばつ,ぬかす·ぬかる·ぬく·ぬける
尊,"높을 존, 술그릇 준",そん,たっとい·たっとぶ·とうとい·とうとぶ
伸,펼 신,しん,のばす·のびる·のべる
窓,"창 창, 굴뚝 총",そう,まど
爆,"불 터질 폭, 지질 박",ばく,
胃,밥통 위,い,
普,넓을 보,ふ,
婚,혼인할 혼,こん,
齢,나이 령,れい,
幼,어릴 유,よう,おさない
浮,뜰 부,ふ,うかぶ·うかべる·うかれる·うく
押,"누를 압, 단속할 갑",おう,おさえる·おす
倒,넘어질 도,とう,たおす·たおれる
了,"마칠 료(요), 밝을 료(요)",りょう,
患,근심 환,かん,わずらう
絡,"이을 락(낙), 없을 락(낙)",らく,からまる·からむ·からめる
募,"모을 모, 뽑을 모",ぼ,つのる
捨,"버릴 사, 집 사",しゃ,すてる
払,떨칠 불,ふつ,はらう
綿,솜 면,めん,わた
育,기를 육,いく,そだつ·そだてる·はぐくむ
改,고칠 개,かい,あらたまる·あらためる
乗,탈 승,じょう,のせる·のる
初,처음 초,しょ,はじめ·はじめて·はつ·そめる·うい
想,생각 상,そう·そ,
農,농사 농,のう,
州,고을 주,しゅう,す
産,낳을 산,さん,うまれる·うむ·うぶ
助,도울 조,じょ,たすかる·たすける·すけ
府,마을 부,ふ,
園,동산 원,えん,その
共,한가지 공,きょう,とも
得,얻을 득,とく,える·うる
追,"쫓을 추, 따를 추, 갈 퇴, 따를 수",つい,おう
馬,말 마,ば,うま·ま
商,장사 상,しょう,あきなう
葉,"잎 엽, 맞을 협, 성 섭",よう,は
告,"고할 고, 뵈고 청할 곡",こく,つげる
軍,군사 군,ぐん,
落,떨어질 락(낙),らく,おちる·おとす
参,참여할 참,さん,まいる
利,이할 리(이),り,きく
信,믿을 신,しん,
負,질 부,ふ,おう·まかす·まける
側,곁 측,そく,がわ
求,구할 구,きゅう,もとめる
顔,낯 안,がん,かお
昨,어제 작,さく,
守,지킬 수,しゅ·す,まもる·もり
官,벼슬 관,かん,
美,아름다울 미,び,うつくしい
命,목숨 명,めい·みょう,いのち
変,변할 변,へん,かえる·かわる
福,복 복,ふく,
各,각각 각,かく,おのおの
政,정사 정,せい·しょう,まつりごと
横,가로 횡,おう,よこ
深,깊을 심,しん,ふかい·ふかまる·ふかめる
果,"실과 과, 열매 과",か,はたす·はて·はてる
船,배 선,せん,ふな·ふね
申,납 신,しん,もうす
必,반드시 필,ひつ,かならず
様,모양 양,よう,さま
港,항구 항,こう,みなと
争,다툴 쟁,そう,あらそう
無,없을 무,ぶ·む,ない
位,자리 위,い,くらい
置,둘 치,ち,おく
草,풀 초,そう,くさ
階,섬돌 계,かい,
羽,깃 우,う,は·はね
路,길 로(노),ろ,じ
経,"날 경, 지날 경",けい·きょう,へる
現,나타날 현,げん,あらわす·あらわれる
他,다를 타,た,ほか
費,쓸 비,ひ,ついやす·ついえる
付,부칠 부,ふ,つく·つける
橋,다리 교,きょう,はし
説,말씀 설,せつ·ぜい,とく
岸,언덕 안,がん,きし
客,손 객,きゃく·かく,
性,성품 성,せい·しょう,
岩,바위 암,がん,いわ
夫,지아비 부,ふ·ふう,おっと
制,절제할 제,せい,
務,"힘쓸 무, 업신여길 모",む,つとまる·つとめる
登,오를 등,と·とう,のぼる
速,빠를 속,そく,はやい·はやまる·はやめる·すみやか
角,뿔 각,かく,かど·つの
央,가운데 앙,おう,
総,거느릴 총,そう,
号,"부르짖을 호, 부를 호",ごう,
害,"해할 해, 어느 할",がい,
副,"버금 부, 쪼갤 복",ふく,
領,거느릴 령(영),りょう,
席,자리 석,せき,
設,베풀 설,せつ,もうける
池,못 지,ち,いけ
残,"해칠 잔, 잔인할 잔",ざん,のこす·のこる
支,지탱할 지,し,ささえる
星,별 성,せい·しょう,ほし
念,생각 념(염),ねん,
根,뿌리 근,こん,ね
象,코끼리 상,しょう·ぞう,
報,"갚을 보, 알릴 보",ほう,むくいる
苦,"쓸 고, 땅 이름 호",く,くるしい·くるしむ·くるしめる·にがい·にがる
労,일할 로,ろう,
例,법식 례(예),れい,たとえる
然,그럴 연,ぜん·ねん,
具,갖출 구,ぐ,
解,풀 해,かい·げ,とかす·とく·とける
資,재물 자,し,
際,"즈음 제, 가 제",さい,きわ
査,조사할 사,さ,
伝,전할 전,でん,つたう·つたえる·つたわる
働,굼닐 동,どう,はたらく
景,볕 경,けい,
好,좋을 호,こう,このむ·すく
判,판단할 판,はん·ばん,
寺,"절 사, 내시 시",じ,てら
銅,구리 동,どう,
昇,오를 승,しょう,のぼる
腹,배 복,ふく,はら
遅,"늦을 지, 더딜 지",ち,おくらす·おくれる·おそい
乳,젖 유,にゅう,ちち·ち
紅,"붉을 홍, 상복 공",こう·く,べに·くれない
冊,책 책,さつ·さく,
香,향기 향,こう·きょう,か·かおり·かおる
更,"고칠 경, 다시 갱",こう,さら·ふかす·ふける
抱,안을 포,ほう,いだく·かかえる·だく
恐,두려울 공,きょう,おそれる·おそろしい
耕,밭 갈 경,こう,たがやす
卵,알 란(난),らん,たまご
戻,어그러질 려,れい,もどす·もどる
巨,클 거,きょ,
震,"우레 진, 애 밸 신",しん,ふるう·ふるえる
干,"방패 간, 줄기 간, 마를 건",かん,ほす·ひる
頂,정수리 정,ちょう,いただき·いただく
越,"넘을 월, 부들자리 활",えつ,こえる·こす
触,닿을 촉,しょく,さわる·ふれる
依,의지할 의,い·え,
籍,"문서 적, 온화할 자",せき,
汚,"더러울 오, 팔 와",お,きたない·よごす·よごれる·けがす·けがらわしい·けがれる
互,서로 호,ご,たがい
逃,도망할 도,とう,にがす·にげる·のがす·のがれる
傾,기울 경,けい,かたむく·かたむける
緒,실마리 서,しょ·ちょ,お
跡,발자취 적,せき,あと
駐,머무를 주,ちゅう,
紹,이을 소,しょう,
晩,늦을 만,ばん,
雇,"품 팔 고, 새 이름 호",こ,やとう
替,"바꿀 체, 참람할 참",たい,かえる·かわる
拝,절 배,はい,おがむ
棒,막대 봉,ぼう,
贈,줄 증,そう·ぞう,おくる
薄,"엷을 박, 동자기둥 벽, 풀 이름 보",はく,うすい·うすまる·うすめる·うすらぐ·うすれる
奥,"속 오, 아랫목 오",おう,おく
詰,"물을 힐, 꾸짖을 힐",きつ,つまる·つむ·つめる
掛,걸 괘,,かかり·かかる·かける
双,"둘 쌍, 쌍 쌍",そう,ふた
刺,"찌를 자, 찌를 척, 수라 라(나)",し,ささる·さす
到,이를 도,とう,
寝,잠잘 침,しん,ねかす·ねる
盗,훔칠 도,とう,ぬすむ
悩,번뇌할 뇌,のう,なやます·なやむ
御,거느릴 어,ぎょ·ご,おん
蒸,찔 증,じょう,むす·むらす·むれる
荒,거칠 황,こう,あらい·あらす·あれる
硬,굳을 경,こう,かたい
埋,묻을 매,まい,うまる·うめる·うもれる
袋,자루 대,たい,ふくろ
吹,불 취,すい,ふく
封,봉할 봉,ふう·ほう,
娘,계집 낭,,むすめ
賢,어질 현,けん,かしこい
腕,팔뚝 완,わん,うで
床,상 상,しょう,とこ·ゆか
詞,"말 사, 글 사",し,
柔,부드러울 유,じゅう·にゅう,やわらか·やわらかい
殿,전각 전,てん·でん,との·どの
濃,짙을 농,のう,こい
肩,어깨 견,けん,かた
机,"책상 궤, 모탕 예",き,つくえ
零,"떨어질 령(영)/영 령(영), 족족 이름 련(연)",れい,
怒,성낼 노(로),ど,いかる·おこる
泊,"머무를 박, 배 댈 박, 잔 물결 백",はく,とまる·とめる
杯,잔 배,はい,さかずき
甘,달 감,かん,あまい·あまえる·あまやかす
掃,쓸 소,そう,はく
掘,"팔 굴, 뚫을 궐",くつ,ほる
灰,재 회,かい,はい
疲,피곤할 피,ひ,つかれる
皆,다 개,かい,みな
軟,연할 연,なん,やわらか·やわらかい
沈,"잠길 침, 성 심",ちん,しずむ·しずめる
凍,얼 동,とう,こおる·こごえる
煙,"연기 연, 원기 인",えん,けむい·けむり·けむる
恋,사모할 련,れん,こい·こいしい·こう
郊,들 교,こう,
腰,허리 요,よう,こし
踊,뛸 용,よう,おどり·おどる
眠,잘 면,みん,ねむい·ねむる
怖,두려워할 포,ふ,こわい
珍,보배 진,ちん,めずらしい
喫,먹을 끽,きつ,
溶,녹을 용,よう,とかす·とく·とける
涙,눈물 루,るい,なみだ
匹,"짝 필, 집오리 목",ひつ,ひき
鋭,날카로울 예,えい,するどい
塗,"칠할 도, 길 도",と,ぬる
軒,집 헌,けん,のき
叫,부르짖을 규,きょう,さけぶ
乾,"하늘 건, 마를 건",かん,かわかす·かわく
祈,빌 기,き,いのる
髪,터럭 발,はつ,かみ
忙,바쁠 망,ぼう,いそがしい
汗,땀 한,かん,あせ
湿,"축축할 습, 젖을 습",しつ,しめす·しめる
瓶,병 병,びん,
蕗,"감초 로, 감초 노",ろ,ふき
柾,나뭇결 바름 정,,まさ·まさき
亦,"또 역, 겨드랑이 액",えき·やく,また·わき
麿,갈 마,,まろ
椋,푸조나무 량,りょう,むく
冶,풀무 야,や,
耶,"어조사 야, 간사 사",や,か
宥,너그러울 유,ゆう,なだめる·ゆるす
蓉,연꽃 용,よう,
璃,유리 리(이),り,
瞭,밝을 료(요),りょう,
諒,"살펴 알 량(양), 믿을 량(양)",りょう,さとる·まこと
琳,옥 림,りん,
麟,기린 린(인),りん,きりん
伶,영리할 령(영),りょう·れい,さかしい·わざおぎ
侑,권할 유,う·ゆう,すすめる·たすける·むくいる·ゆるす
勁,굳셀 경,けい,つよい
奎,별 규,き·けい,とかきぼし·また
崚,험하다 릉,りょう,けわしい·たかい
昴,별 이름 묘,ぼう,すばる
晏,늦다 안,あん,おそい·やすらか
晨,새벽 신,しん,あした·とき·よあけ
晟,밝을 성,せい,あきらか·さかん
栞,표목 간,かん,しおり
椰,야자나무 야,や,やし
洵,"참으로 순, 멀 현",しゅん·じゅん,まこと·まことに
滉,깊을 황,こう,ひろい
澪,"깨우칠 령, 깨우칠 영, 강 이름 령, 강 이름 영",れい,みお
燎,횃불 료(요),りょう,かがりび·やく
燿,"빛날 요, 녹일 삭",よう,かがやき·かがやく·かがよう
瑶,아름다운 옥 요,よう,たま
眸,눈동자 모,ぼう·む,ひとみ
笙,생황 생,しょう,しょうのふえ·ふえ
綸,"벼리 륜(윤), 허리끈 관",かん·りん,いと·おさめる
茉,말리 말,ばつ·まつ,
莉,말리 리(이),り·れい,
菫,제비꽃 근,きん,すみれ·とりかぶと
詢,물을 순,しゅん·じゅん,とう·はかる·まこと
諄,타이를 순,しゅん·じゅん,あつい·くどい·ねんごろ·まこと
迪,나아갈 적,てき,みち·みちびく·すすむ·ふむ
頌,"칭송할 송, 기릴 송",じゅ·しょう·よう,かたち·たたえる·ほめる·ゆるやか
颯,"바람 소리 사, 큰 바람 립(입)",さつ·そう,はやて
凜,차다 름,りん,さむい·すさまじい
熙,빛날 희,き,ああ·たのしむ·ひかる·ひろい·やわらぐ·よろこぶ
淳,순박할 순,じゅん,あつい·すなお
偵,염탐할 정,てい,
喝,"꾸짖을 갈, 목이 맬 애",かつ,
敢,"감히 감, 구태여 감",かん,
胎,아이 밸 태,たい,
酵,삭힐 효,こう,
憤,분할 분,ふん,いきどおる
豚,돼지 돈,とん,ぶた
鳩,비둘기 구,きゅう·く,あつまる·あつめる·はと·やすんずる
遮,"가릴 차, 이 저",しゃ,さえぎる
扉,사립문 비,ひ,とびら
硫,유황 류(유),りゅう,
赦,용서할 사,しゃ,
窃,훔칠 절,せつ,
泡,거품 포,ほう,あわ
又,또 우,,また
慨,슬퍼할 개,がい,
紡,김쌀 방,ぼう,つむぐ
恨,한 한,こん,うらむ·うらめしい
肪,기름 방,ぼう,
桂,계수나무 계,けい,かつら
扶,"도울 부, 기어갈 포",ふ,
戯,놀 희,ぎ,たわむれる
虎,범 호,こ,とら
忌,꺼릴 기,き,いまわしい·いむ
晋,"진나라 진, 물 이름 전",しん,すすむ
濁,흐릴 탁,だく,にごす·にごる
奔,달릴 분,ほん,
斗,"말 두, 싸울 두, 싸울 투, 싸울 각",と,
迅,빠를 신,じん,
肖,"닮을 초, 같을 초, 꺼질 소",しょう,
鉢,바리때 발,はち·はつ,
朽,썩을 후,きゅう,く.ちる
殻,껍질 각,かく,から
享,누릴 향,きょう,
晃,밝을 황,こう,あきらか·ひかる
桐,오동나무 동,とう·どう,きり
藩,울타리 번,はん,
媒,중매 매,ばい,
鶏,닭 계,けい,にわとり
禅,고요할 선,ぜん,
嘱,부탁할 촉,しょく,
鷹,매 응,おう·よう,たか
胴,"큰창자 동, 몸통 동",どう,
迭,"번갈아들 질, 범할 일",てつ,
挿,꽂을 삽,そう,さす
猪,돼지 저,ちょ,い·いのしし
紘,끈 굉,こう,おおづな·ひろい
弥,두루 미,,や
陪,모실 배,ばい,
剖,쪼갤 부,ぼう,
譜,족보 보,ふ,
庄,"씩씩할 장, 전장 장",しょう·そう,いなか·むらざと
悠,멀 유,ゆう,
淑,맑을 숙,しゅく,
敦,"도타울 돈, 다스릴 퇴, 제기 대, 모일 단, 아로새길 조, 덮을 도",とん,あつい
帆,돛 범,はん,ほ
暁,새벽 효,ぎょう,あかつき
傑,뛰어날 걸,けつ,
奴,종 노,ど,
祐,"복 우, 도울 우",ゆう,たすけ·たすける
錠,덩이 정,じょう,
鵬,붕새 붕,ほう,おおとり
遷,옮길 천,せん,
拙,졸할 졸,せつ,つたない
侍,모실 시,じ,さむらい
峠,고개 상,,とうげ
篤,도타울 독,とく,
渇,목마를 갈,かつ,かわく
叔,아재비 숙,しゅく,
雌,암컷 자,し,め·めす
堪,견딜 감,かん,たえる
叙,"서술할 서, 펼 서",じょ,
酢,"신맛 조미료 초, 잔 돌릴 작",さく,す
亘,"뻗칠 긍, 베풀 선",こう·せん,わたる
吟,읊을 음,ぎん,
逓,갈마들 체,てい,
甚,甚,じん,はなはだ·はなはだしい
媛,여자 원,えん,
崇,높을 숭,すう,
笹,조릿대 세,,ささ
漆,"옻 칠, 일곱 칠",しつ,うるし
岬,곶 갑,,みさき
癖,버릇 벽,へき,くせ
愉,"즐거울 유, 구차할 투",ゆ,
礁,암초 초,しょう,
屯,"진칠 둔, 어려울 준",とん,
姻,혼인 인,いん,
綾,비단 릉(능),りょう·りん,あや
擬,비길 의,ぎ,
塀,담 병,へい,
唇,"놀랄 진, 입술 순",しん,くちびる
閑,한가할 한,かん,
幽,그윽할 유,ゆう,
毅,굳셀 의,き,たけし·つよい
曹,"무리 조, 성 조",そう,
詠,읊을 영,えい,よむ
稔,여물 임,じん·にん·ねん,つむ·とし·みのる
卑,낮을 비,ひ,いやしい·いやしむ·いやしめる
侮,업신여길 모,ぶ,あなどる
援,도울 원,えん,
帳,장막 장,ちょう,
梅,매화 매,ばい,うめ
施,"베풀 시, 옮길 이",し·せ,ほどこす
銭,돈 전,せん,ぜに
井,우물 정,しょう·せい,い
謝,사례할 사,しゃ,あやまる
鮮,고울 선,せん,あざやか
仮,거짓 가,か·け,かり
密,빽빽할 밀,みつ,
賀,하례할 하,が,
我,나 아,が,われ·わ
幕,장막 막,ばく·まく,
染,물들 염,せん,そまる·そめる·しみ·しみる
傷,다칠 상,しょう,きず·いたむ·いためる
秘,숨길 비,ひ,ひめる
監,볼 감,かん,
環,고리 환,かん,
徳,"덕 덕, 큰 덕",とく,
審,살필 심,しん,
訴,호소할 소,そ,うったえる
刀,칼 도,とう,かたな
弓,활 궁,きゅう,ゆみ
牧,칠 목,ぼく,まき
縮,줄일 축,しゅく,ちぢまる·ちぢむ·ちぢめる·ちぢらす·ちぢれる
影,그림자 영,えい,かげ
泣,울 읍,きゅう,なく
撃,칠 격,げき,うつ
佐,도울 좌,さ,
核,씨 핵,かく,
序,차례 서,じょ,
融,녹을 융,ゆう,
射,"쏠 사, 벼슬 이름 야, 맞힐 석, 싫어할 역",しゃ,いる
舎,집 사,しゃ,
揮,"휘두를 휘, 표기 휘, 휘드를 혼",き,
渉,건널 섭,しょう,
響,울릴 향,きょう,ひびく
賃,품삯 임,ちん,
貴,귀할 귀,き,たっとい·たっとぶ·とうとい·とうとぶ
藤,등나무 등,とう,ふじ
敵,"대적할 적, 다할 활",てき,かたき
請,청할 청,せい·しん,うける·こう
径,지름길 경,けい,
攻,칠 공,こう,せめる
納,들일 납,のう·とう·なっ·な·なん,おさまる·おさめる
崎,험할 기,,さき
樹,나무 수,じゅ,
督,감독할 독,とく,
催,재촉할 최,さい,もよおす
酸,실 산,さん,すい
至,이를 지,し,いたる
宗,마루 종,しゅう·そう,
及,미칠 급,きゅう,および·およぶ·およぼす
宙,집 주,ちゅう,
離,"떠날 리(이), 산신 리(이)",り,はなす·はなれる
桜,앵두나무 앵,おう,さくら
操,잡을 조,そう,あやつる·みさお
句,"글귀 구, 글귀 귀",く,
摘,딸 적,てき,つむ
脈,줄기 맥,みゃく,
郎,사내 랑,ろう,
誕,"낳을 탄, 거짓 탄",たん,
孝,효도 효,こう,
訳,통변할 역,やく,わけ
鏡,거울 경,きょう,かがみ
看,볼 간,かん,
奏,아뢸 주,そう,かなでる
振,떨칠 진,しん,ふる·ふるう·ふれる
郷,시골 향,きょう·ごう,
献,바칠 헌,けん·こん,
維,벼리 유,い,
己,몸 기,こ·き,おのれ
浜,"물가 빈, 선거 병",ひん,はま
塁,진 루,るい,
邦,나라 방,ほう,
墓,무덤 묘,ぼ,はか
汽,"물 끓는 김 기, 거의 흘",き,
忠,충성 충,ちゅう,
遣,보낼 견,けん,つかう·つかわす
抗,겨룰 항,こう,
沿,"물 따라갈 연, 따를 연",えん,そう
雄,수컷 웅,ゆう,お·おす
誠,정성 성,せい,まこと
緊,긴할 긴,きん,
巣,새집 소,そう,す
俳,배우 배,はい,
廃,폐할 폐,はい,すたる·すたれる
江,강 강,こう,え
僚,동료 료(요),りょう,
飼,기를 사,し,かう
聖,성인 성,せい,
吉,길할 길,きち·きつ,
羊,양 양,よう,ひつじ
踏,밟을 답,とう,ふまえる·ふむ
壊,무너질 괴,かい,こわす·こわれる
債,빚 채,さい,
恩,은혜 은,おん,
儀,거동 의,ぎ,
往,갈 왕,おう,
継,이을 계,けい,つぐ
滋,붙을 자,じ,
幻,헛보일 환,げん,まぼろし
煮,삶을 자,しゃ,にえる·にやす·にる
姫,아가씨 희,,ひめ
須,"모름지기 수, 수염 수",す,
誓,맹세할 서,せい,ちかう
把,잡을 파,は,
践,밟을 천,せん,
呈,"드릴 정, 한도 정",てい,
疎,성길 소,そ,うとい·うとむ
仰,우러를 앙,ぎょう·こう,あおぐ·おおせ
剛,굳셀 강,ごう,
疾,병 질,しつ,
征,칠 정,せい,
砕,부술 쇄,さい,くだく·くだける
謡,노래 요,よう,うたい·うたう
亀,"거북귀, 터질 균, 땅 이름 구",き,かめ
嫁,시집갈 가,か,とつぐ·よめ
謙,"겸손할 겸, 혐의 혐",けん,
嘆,"탄식할 탄, 또 우",たん,なげかわしい·なげく
菌,버섯 균,きん,
頻,자주 빈,ひん,
琴,거문고 금,きん,こと
棚,사다리 붕,,たな
酷,심할 혹,こく,
鶴,학 학,,つる
宰,재상 재,さい,
廊,"사랑채 랑(낭), 행랑 랑(낭)",ろう,
寂,고요할 적,じゃく·せき,さび·さびしい·さびれる
昌,창성할 창,しょう,さかん
伏,"엎드릴 복, 안을 부",ふく,ふす·ふせる
碁,바둑 기,ご,
俗,풍속 속,ぞく,
漠,넓을 막,ばく,
邪,"간사할 사, 그런가 아, 나머지 여",じゃ,
晶,맑을 정 ,しょう,
墨,먹 묵,ぼく,すみ
鎮,진압할 진,ちん,しずまる·しずめる
靖,편안할 정,せい,やすい·やすらか·やすんじる
洞,"골 동, 밝을 통",どう,ほら
履,밝을 리(이),り,はく
劣,못할 렬(열),れつ,おとる
殴,때릴 구,おう,なぐる
娠,아이 밸 신,しん,
奉,받들 봉,ぶ·ほう,たてまつる
憂,근심 우,ゆう,うれい·うれえる·うい
朴,성 박,ぼく,
亭,정자 정,てい,
也,"이끼 야, 어조사 야",や,か·なり·また·や
怪,괴이할 괴,かい,あやしい·あやしむ
酔,술 취할 취,すい,よう
惜,아낄 석,せき,おしい·おしむ
穫,"거둑 확, 땅 이름 호",かく,
佳,아름다울 가,か,
潤,불을 윤,じゅん,うるおう·うるおす·うるむ
旭,아침 해 욱,きょく,あさひ
悼,슬퍼할 도,とう,いたむ
乏,모자랄 핍,ぼう,とぼしい
該,"갖출 해, 마땅 해",がい,
該,"갖출 해, 마땅 해",ふ,おもむく
桑,뽕나무 상,そう,くわ
髄,골수 수,ずい,
盆,동이 분,ぼん,
穂,이삭 수,すい,
壮,"씩씩할 장, 장할 장",そう,
堤,둑 제,てい,つつみ
飢,주릴 기,き,うえる
傍,곁 방,ぼう,かたわら
疫,전염병 역,えき·やく,
累,"여러 루(누), 자주 루(누), 벌거벗을 라(나), 땅 이름 렵(엽)",るい,
痴,어리석을 치,ち,
搬,옮길 반,はん,
癒,병 나을 유,ゆ,いえる·いやす
錦,비단 금,きん,にしき
郭,"둘레 곽, 외성 곽",かく,
磯,물가 기,き,いそ
尿,오줌 뇨(요),にょう,
凶,흉할 흉,きょう,
吐,토할 토,と,はく
宴,잔치 연,えん,
賓,손 빈,ひん,
虜,사로잡을 로(노),りょ,
駒,망아지 구,,こま
陶,"질그릇 도, 사람 이름 요",とう,
鐘,쇠북 종,しょう,かね
憾,"섭섭할 감, 근심할 담",かん,
昆,"맏 곤, 벌레 곤, 뒤섞일 혼",こん,
粗,거칠 조,そ,あらい
訂,바로잡을 정,てい,
傘,우산 산,さん,かさ
騎,말 탈 기,き,
寧,"편안/편안할 녕(영), 편안/편안할 령(영)",ねい,
循,돌 순,じゅん,
忍,참을 인,にん,しのばせる·しのぶ
怠,게으를 태,たい,おこたる·なまける
如,"같을 여, 말 이을 이",じょ·にょ,
寮,동관 료(요),りょう,
鉛,납 연,えん,なまり
珠,구슬 주,しゅ,
凝,엉길 응,ぎょう,こらす·こる
錘,저울추 추,すい,おもり·つむ
銑,무쇠 선,せん,ずく
塑,흙 빚을 소,そ,
脹,부을 창,ちょう,はれる·ふくよか·ふくれる
朕,나 짐,ちん,
痘,역질 두,とう,
弐,두 이,に,
賦,부세 부,ふ,
丙,남녘 병,へい,
耗,소모할 모,こう·もう,
匁,몸매 문,,め·もんめ
濫,"넘칠 람(남), 동이 함",らん,
吏,"벼슬아치 리(이), 관리 리(이)",り,
嬉,아름다울 희,き,あそぶ·うれしい·たのしむ
蒼,푸를 창,そう,あお·あおい·しげる
暉,빛 휘,き,かがやく·ひかり·ひかる
只,"다만 지, 외짝 척",し,ただ
檀,박달나무 단,たん·だん,まゆみ
凱,개선할 개,かい·がい,かちどき·やわらぐ
彗,비 혜,え·けい·すい,はく·ほうき·ほうきぼし
梓,가래나무 재,し,あずさ·はんぎ
丑,"소 축, 추할 추",ちゅう,うし
叶,화합할 협,きょう,かなう
汐,"조수 석, 빠를 계, 빠를 혈",せき,うしお·しお
絢,"무늬 현, 끈 순",けん,あや
朔,초하루 삭,さく,きた·ついたち
伽,절 가,か·が·きゃ,とぎ
爽,시원할 상,そう,さわやか
黎,검을 려(여),り·れい,おおい·くろい·もろもろ
冴,얼 호,ご,こおる·さえる
旺,왕성할 왕,おう,
萌,움 맹,ほう·ぼう,きざす·たみめぐむ·めばえもえる·もやし
偲,책선할 시,さい·し,しのぶ
瑠,맑은 유리 류(유),る,
允,맏 윤,いん,じょう·まこと·まことに·ゆるす
蒔,모종 낼 시,し·じ,うえる·まく
鯉,잉어 리(이),り,こい·てがみ
遥,멀 요,よう,さまよう·とおい·ながい·はるか
矩,"모날 구, 법도 구",く,さしがね·のり
舜,순임금 순,しゅん,むくげ
瑛,옥빛 영,えい,
彪,범 표,ひゅう·ひょう,あや·まだら
卯,토끼 묘,ぼう,う
綺,비단 기,き,あや·いろう·うつくしい
茜,꼭두서니 천,せん,あかね
凌,업신여길 릉(능),りょう,しのぐ
皓,흴 호,こう,きよい·しろい·ひかる
洸,"성낼 광, 깊을 황",こう,ほのか
毬,공 구,きゅう,いが·まり
緋,비단 비,ひ,あか·あけ
鯛,도미 조,ちょう,たい
怜,"영리할 령(영), 불쌍히 여길 련(연)",れい·れん,あわれむ·さとい
邑,고을 읍,おう·ゆう,うれえる·くに·みやこ·むら
碧,푸를 벽,へき,あお·あおい·みどり
啄,"쫄 탁, 부리 주",たく·とく,ついばむ
穣,볏대 양,じょう,みのる·ゆたか
酉,닭 유,ゆう,とり·ひよみのとり
悌,공손할 제,だい·てい,
柚,"유자 유, 바디 축",じく·ちく·ゆ·ゆう,ゆず
亥,돼지 해,かい·がい,い
胤,자손 윤,いん,たね
叡,밝을 예,えい,あきらか·かしこい·さとい
茄,연줄기 가,か,なす·なすび·はす
侃,굳셀 간,かん,つよい
莞,"빙그레할 완, 왕골 관",かん,い·ふとい·むしろ
伎,재간 기,き,
誼,"정 의, 옳을 의",ぎ,よい·よしみ
鞠,"성 국, 국문할 국, 궁궁이 궁",きく,かがむ·とりしらべる·まり·やしなう
衿,옷깃 금,きん,えり
玖,옥돌 구,きゅう·く,
袈,가사 가,け,
絃,줄 현,げん,いと·つる
梧,오동나무 오,ご,あおぎり
瑚,산호 호,こ·ご,
倖,요행 행,こう,さいわい·へつらう
昂,오를 앙,こう·ごう,あがる·たかい·たかぶる
瑳,고울 차,さ,みがく
裟,가사 사,さ,
哉,어조사 재,さい,か·かな·や
采,"풍채 채, 캘 채",さい,
燦,빛날 찬,さん,あきらか·あざやか·きらめく
爾,너 이,じ·に,その·なんじ
紗,비단 사,さ·しゃ,うすぎぬ
竣,마칠 준,しゅん,おわる
醇,전국술 순,しゅん·じゅん,あつい·もっぱら
恕,용서할 서,しょ·じょ,おもいやる·ゆるす
捷,빠를 첩,しょう,かつ·はやい
梢,"나무 끝 초, 마들가리 소",しょう,かじ·こずえ
菖,창포 창,しょう,しょうぶ
丞,"정승 승, 나아갈 증",しょう·じょう,たすける
嵩,높은 산 숭,しゅう·すう,かさ·かさむ·たかい
碩,클 석,せき,おおきい
汰,일 태,た,
旦,아침 단,たん·だん,
紬,명주 주,ちゅう,つむぎ·つむぐ
汀,물가 정,てい,なぎさ·みぎわ
凪,그칠 지,,なぎ·なぐ
捺,누를 날,だつ·なつ,おす
柊,호랑가시나무 종,しゅう,ひいらぎ
楓,단풍 풍,ふう,かえで
括,묶을 괄,かつ,
駆,몰 구,く,かける·かる
透,사무칠 투,とう,すかす·すく·すける
津,나루 진,しん,つ
壁,벽 벽,へき,かべ
稲,벼 도,とう,いな·いね
裂,찢어질 렬(열),れつ,さく·さける
敏,민첩할 민,びん,
是,"이 시, 옳을 시",ぜ,
排,밀칠 배,はい,
裕,넉넉할 유,ゆう,
堅,굳을 견,けん,かたい
芝,지초 지,,しば
綱,벼리 강,こう,つな
覧,볼 람,らん,
扱,"거둘 급, 거두어가질 흡, 꽂을 삽",,あつかう
顧,돌아볼 고,こ,かえりみる
訟,송사할 송,しょう,
戒,경계할 계,かい,いましめる
祉,복 지,し,
誉,명예 예,よ,ほまれ
歓,기뻐할 환,かん,
奮,떨칠 분,ふん,ふるう
勧,권할 권,かん,すすめる
奈,"어찌 내, 어찌 나",な,
騒,떠들 소,そう,さわぐ
閥,문벌 벌,ばつ,
甲,"갑옷 갑, 친안할 압",かん·こう,
縄,줄 승,じょう,なわ
揺,흔들릴 요,よう,ゆさぶる·ゆすぶる·ゆする·ゆらぐ·ゆる·ゆるぐ·ゆれる
免,"면할 면, 해산할 문",めん,まぬかれる
既,이미 기,き,すでに
薦,"천거할 천, 꽂을 진",せん,すすめる
隣,이웃 린(인),りん,となり·となる
華,빛날 화,か·け,はな
範,법 범,はん,
隠,"숨길 은, 숨을 은",いん,かくす·かくれる
哲,밝을 철,てつ,
杉,삼나무 삼,,すぎ
釈,"해석할 석, 풀 석",しゃく,
妥,온당할 타,だ,
威,"위엄 위, 두려워할 외",い,
豪,호걸 호,ごう,
滞,막힐 체,たい,とどこおる
微,작을 미,び,
隆,높을 륭(융),りゅう,
症,증세 증,しょう,
暫,잠깐 잠,ざん,
肝,간 간,かん,きも
喚,부를 환,かん,
妙,묘할 묘,みょう,
索,"찾을 색, 노 삭",さく,
后,"임금 후, 왕후 후",こう,
襲,엄습할 습,しゅう,おそう
懇,간절할 간,こん,ねんごろ
班,나눌 반,はん,
柄,자루 병,へい,え·がら
驚,놀랄 경,きょう,おどろかす·おどろく
麻,삼 마,ま,あさ
舌,혀 설,ぜつ,した
剤,약 지을 제,ざい,
瀬,여울 뢰,,せ
趣,"뜻 취, 재촉할 촉",しゅ,おもむき
陥,빠질 함,かん,おちいる·おとしいれる
斎,재계할 재,さい,
貫,"꿸 관, 당길 만",かん,つらぬく
仙,신선 선,せん,
慰,위로할 위,い,なぐさむ·なぐさめる
旬,열흘 순,しゅん·じゅん,
兼,겸할 겸,けん,かねる
旨,뜻 지,し,むね
即,곧 즉,そく,
柳,버들 류(유),りゅう,やなぎ
偽,거짓 위,ぎ,いつわる·にせ
較,"견줄 교, 비교할 교, 차이 각",かく,
覇,"으뜸 패, 두목 패",は,
詳,"자세할 상, 거짓 양",しょう,くわしい
抵,막을 저,てい,
脅,"위협할 협, 겨드랑이 협",きょう,おどかす·おどす·おびやかす
鹿,사슴 록(녹),,か·しか
茂,무성할 무,も,しげる
犠,희생 희,ぎ,
距,상거할 거,きょ,
雅,맑을 아,が,
飾,꾸밀 식,しょく,かざる
網,그물 망,もう,あみ
竜,용 룡,りゅう,たつ
繁,"번성할 번, 뱃대끈 반, 성 파",はん,
翼,날개 익,よく,つばさ
潟,개펄 석,,かた
魅,매혹할 매,み,
嫌,싫어할 혐,けん·げん,いや·きらう
斉,가지런할 제,せい,
敷,펼 부,ふ,しく
擁,낄 옹,よう,
寸,마디 촌,すん,
圏,우리 권,けん,
罰,벌할 벌,ばち·ばつ,
滅,"꺼질 멸, 멸할 멸",めつ,ほろびる·ほろぼす
礎,주춧돌 초,そ,いしずえ
烈,매울 렬(열),れつ,
尋,찾을 심,じん,たずねる
稿,"볏짚 고, 원고 고",こう,
丹,"붉을 단, 정성스러울 란(난)",たん,
啓,열 계,けい,
丘,언덕 구,きゅう,おか
棟,마룻대 동,とう,むね·むな
壌,부드러운 흙 양,じょう,
漫,흩어질 만,まん,
玄,검을 현,げん,
粘,붙을 점,ねん,ねばる
悟,깨달을 오,ご,さとる
舗,펼 포,ほ,
妊,아이 밸 임,にん,
騰,오를 등,とう,
遂,드디어 수,すい,とげる
狂,미칠 광,きょう,くるう·くるおしい
岐,갈림길 기,き,
緯,씨 위,い,
培,"복돋울 배, 언덕 부",ばい,つちかう
衰,"쇠할 쇠, 상옷 최, 도롱이 사",すい,おとろえる
艇,배 정,てい,
屈,굽힐 굴,くつ,
淡,맑을 담,たん,あわい
抽,뽑을 추,ちゅう,
披,헤칠 피,ひ,
廷,조정 정,てい,
准,"준할 준, 콧마루 절",じゅん,
奨,"권장할 장, 권면할 장",しょう,
浸,잠길 침,しん,ひたす·ひたる
剰,남을 잉,じょう,
胆,쓸게 담,たん,
繊,가늘 섬,せん,
虚,빌 허,きょ·こ,
霊,신렬 령,れい·りょう,たま
悔,뉘우칠 회,かい,くいる·くやしい·くやむ
諭,타이를 유,ゆ,さとす
絹,비단 견,けん,きぬ
惨,참혹할 참,さん·ざん,みじめ
虐,모질 학,ぎゃく,しいたげる
翻,"날 번, 뒤칠 번",ほん,ひるがえす·ひるがえる
墜,떨어질 추,つい,
沼,못 소,しょう,ぬま
据,의지할 거,,すえる·すわる
徐,천천할 서,じょ,
搭,탈 탑,とう,
盾,"방패 순, 사람 이름 돈",じゅん,たて
滝,"비 올 롱, 여울 랑",,たき
軌,바퀴 자국 궤,き,
妨,방해할 방,ぼう,さまたげる
擦,문지를 찰,さつ,する·すれる
尺,자 척,しゃく,
鯨,고래 경,げい,くじら
荘,"별장 장, 장중할 장",そう,
諾,허락할 낙(락),だく,
雷,우뢰 뢰(뇌),らい,かみなり
漂,떠다닐 표,ひょう,ただよう
懐,품을 회,かい,なつかしい·なつかしむ·なつく·なつける·ふところ
勘,헤아릴 감,かん,
栽,심을 재,さい,
拐,후릴 괴,かい,
駄,실을 타,だ,
添,더할 첨,てん,そう·そえる
冠,갓 관,かん,かんむり
斜,"비낄 사, 골짜기 이름 야",しゃ,ななめ
宏,클 굉,こう,おおきい·ひろい
浪,물결 랑(낭),ろう,
亜,버금 아,あ,
詐,속일 사,さ,
壇,"단 단, 항아리 담",たん·だん,
勲,공 훈,くん,
魔,마귀 마,ま,
酬,갚을 수,しゅう,
紫,자주빛 자,し,むらさき
紋,무늬 문,もん,
卸,풀 사,,おろし·おろす
欄,난간 란(난),らん,
逸,편안할 일,いつ,
涯,물가 애,がい,
拓,"넓힐 척, 박을 탁",たく,
獄,옥 옥,ごく,
尚,오히려 상,しょう,
彫,새길 조,ちょう,ほる
穏,평온할 온,おん,おだやか
顕,"밝을 현, 나타낼 현",けん,
巧,공교할 교,こう,たくみ
矛,창 모,む,ほこ
垣,담 원,,かき
欺,속일 기,ぎ,あざむく
釣,"낚을 조, 낚시 조",ちょう,つる
粧,단단할 장,しょう,
之,갈 지,し,これ·この·の·ゆく
粛,엄숙하다 숙,しゅく,
愚,어리석을 우,ぐ,おろか
遭,만날 조,そう,あう
架,시렁 가,か,かかる·かける
鬼,귀신 귀,き,おに
庶,여러 서,しょ,
梨,배 리(이),,なし
稚,어릴 치,ち,
腐,썩을 부,ふ,くさらす·くさる·くされる
脚,다리 각,きゃく·きゃ,あし
智,"슬기 지, 지혜 지",ち,さとい·ちえ
磁,자석 자,じ,
尽,다할 진,じん,つかす·つきる·つくす
僕,종 복,ぼく,
滑,"미끄러울 활, 익살스러울 골",かつ·こつ,すべる·なめらか
孤,"고아 고, 외롭다 고",こ,
炎,"불꽃 염, 아름다울 담",えん,ほのお
賠,물어줄 배,ばい,
寿,목숨 수,じゅ,ことぶき
頑,완고할 완,がん,
鎖,쇠사슬 쇄,さ,くさり
彩,채색 채,さい,いろどる
摩,문지를 마,ま,
励,힘쓸 려,れい,はげます·はげむ
輝,빛날 휘,き,かがやく
蓄,모을 축,ちく,たくわえる
軸,굴대 축,じく,
巡,"돌 순, 순행할 순",じゅん,めぐる
稼,심을 가,か,かせぐ
瞬,눈 깜작일 순,しゅん,またたく
垂,드리울 수,すい,たらす·たれる
砲,대포 포,ほう,
噴,뿜을 분,ふん,ふく
誇,자랑할 과,こ,ほこる
祥,상서 상,しょう,
牲,희생 생,せい,
秩,차례 질,ちつ,
帝,임금 제,てい,
唆,부추길 사,さ,そそのかす
阻,막힐 조,そ,はばむ
泰,클 태,たい,
賄,"재물 회, 뇌물 회",わい,まかなう
撲,"칠 박, 종아리채 복",ぼく,
堀,굴 굴,,ほり
弘,클 홍,ぐ·こう,ひろい·ひろめる
菊,국화 국,きく,
絞,"목맬 교, 초록빛 효",こう,しぼる·しまる·しめる
穀,"곡식 곡, 어린아이 누",こく,
縁,인연 연,えん,ふち
唯,오직 유,ゆい·い,
膨,붙을 팽,ぼう,ふくらむ·ふくれる
耐,견딜 내,たい,たえる
塾,글방 숙,じゅく,
漏,샐 루(누),ろう,もらす·もる·もれる
慶,경사 경,けい,
猛,사나울 맹,もう,
芳,꽃다울 방,ほう,かんばしい
懲,징계할 징,ちょう,こらしめる·こらす·こりる
剣,칼 검,けん,つるぎ
彰,드러날 창,しょう,
棋,바둑 기,き,
恒,"항상 항, 반달 긍",こう,
揚,날릴 양,よう,あがる·あげる
冒,"무릅쓸 모, 선우 이름 묵",ぼう,おかす
倫,인륜 륜(윤),りん,
陳,"베풀 진, 묵을 진",ちん,
憶,생각할 억,おく,
潜,"자맥질할 잠, 잠길 잠",せん,ひそむ·もぐる
熊,곰 웅,,くま
克,이길 극,こく,
岳,큰 산 악,がく,たけ
概,"대개 개, 평미레 개",がい,
拘,잡을 구,こう,
黙,"말 없을 묵, 잠잠할 묵",もく,だまる
偏,치우칠 편,へん,かたよる
雰,눈 날릴 분,ふん,
遇,만날 우,ぐう,
彦,선비 언,げん,ひこ
諮,물을 자,し,はかる
狭,좁을 협,きょう,せばまる·せばめる·せまい
卓,높을 탁,たく,
阿,"언덕 아, 호칭 옥",あ,お·おもねる·くま·ひさし·よる
糧,양식 량(양),りょう·ろう,かて
簿,"문서 부, 잠박 박",ぼ,
炉,화로 로,ろ,
殊,다를 수,しゅ,こと
殖,불릴 식,しょく,ふえる·ふやす
艦,큰 배 함,かん,
輩,무리 배,はい,
奇,기특할 기,き,
慢,거만할 만,まん,
謀,꾀 모,ぼう·む,はかる
拍,칠 박,はく·ひょう,
李,"오얏 리(이), 성 리(이)",り,すもも
丈,어른 장,じょう,たけ
浩,"넓을 호, 술 그를 고",こう,おおい·おおきい·おごる·ひろい
寛,너그러울 관,かん,
覆,"다시 복, 덮을 부",ふく,おおう·くつがえす·くつがえる
胞,세포 포,ほう,
隔,사이 뜰 격,かく,へだたる·へだてる
浄,깨끗할 정,じょう,
没,"가라앉을 몰, 잠길 몰",ぼつ,
暇,"틈 가, 겨를 가",か,ひま
貞,곧을 정,てい,
鑑,거울 감,かん,かんがみる
陰,응달 음,いん,かげ·かげる
銘,새길 명,めい,
随,따를 수,ずい,
鋳,쇠 부어 만들 주,ちゅう,いる
抹,지울 말,まつ,
尉,"벼슬 위, 위로할 위, 다리미 울",い,
隷,"종 례(예), 미칠 이, 미칠 대",れい,
禍,재앙 화,か,
酪,쇠젖 락(낙),らく,
茎,줄기 경,けい,くき
帥,"장수 수, 거느릴 솔",すい,
逝,갈 서,せい,いく·ゆく
匿,숨길 닉(익),とく,
襟,옷깃 금,きん,えり
蛍,개똥벌레 형,けい,ほたる
寡,적을 과,か,
痢,이질 리(이),り,
庸,"떳떳할 용, 쓸 용",よう,
坑,구덩이 갱,こう,
楊,버들 양,よう,やなぎ
駿,준마 준,しゅん·すん,すぐれる
賊,도둑 적,ぞく,
搾,짤 착,さく,しぼる
亮,밝을 량(양),りょう,あきらか·すけ
畔,"밭두둑 반, 배반할 반",はん,
孔,구멍 공,こう,
吾,"나 오, 친하지 않을 어",ご,わが·われ
椿,참죽나무 춘,ちん,つばき
拷,칠 고,ごう,
嬢,계집애 양,じょう,
渓,시내 계,けい,
翁,늙은이 옹,おう,
圭,"서옥 규, 홀 규",けい,たま
廉,청렬할 렴(염),れん,
蓮,연꽃 련(연),れん,はす·はちす
謹,삼갈 근,きん,つつしむ
窯,기와 가마 요,よう,かま
褒,"기릴 포, 모을 부",ほう,ほめる
醜,추할 추,しゅう,みにくい
升,되 승,しょう,ます
殉,따라 죽을 순,じゅん,
煩,번거로울 번,はん·ぼん,わずらう·わずらわす
劾,꾸짖을 핵,がい,
堕,떨어질 타,だ,
租,조세 조,そ,
桟,잔도 잔,さん,
婿,사위 서,せい,むこ
慕,그릴 모,ぼ,したう
瑞,상서 서,すい·ずい,
罷,"마칠 파, 고달플 피",ひ,
矯,바로잡을 교,きょう,ためる
某,"아무 모, 매화 매",ぼう,
囚,가둘 수,しゅう,
伍,다섯 사람 오,ご,いつつ·くみ
泌,"샘물 졸졸 흐를 필, 스밀 비",ひつ·ひ,
蘭,난초 란(난),らん,あららぎ·ふじばかま
漸,"점점 점, 적실 점",ぜん,
蚊,모기 문,,か
秦,성 진,しん,はた
茅,띠 모,ぼう,かや·ち·ちがや
厄,액 액,やく,
藻,마름 조,そう,も
沙,모래 사,さ,
輔,도울 보,ふ·ほ,すけ·たすける
嫡,정실 적,ちゃく,
嵐,남기 람(남),,あらし
椎,"쇠몽치 추, 등골 추",つい,
嚇,성낼 혁,かく,
凸,볼록할 철,とつ,
郁,성할 욱,いく,かぐわしい·さかん·ふみ
韻,운 운,いん,
霜,서리 상,そう,しも
硝,화약 초,しょう,
楠,녹나무 이름 남,なん,くすのき
勅,"칙서 칙, 신칙할 칙",ちょく,
玲,옥 소리 령(영),れい,
棺,널 관,かん,
儒,선비 유,じゅ,
拳,주먹 권,けん,こぶし
翔,날 상,しょう,かける·とぶ
肇,비롯할 조,ちょう,はじめ·はじめる
愁,근심 수,しゅう,うれい·うれえる
楼,다락 루,ろう,
亨,형통할 형,きょう·こう·ほう,とおる·にる
薪,섶 신,しん,たきぎ
褐,"갈색 갈, 굵은 베 갈",かつ,
嶺,고개 령(영),りょう·れい,みね
喬,높을 교,きょう,おごる·たかい
賜,줄 사,し,たまわる
繕,기울 선,ぜん,つくろう
栓,마개 전,せん,
寅,"범 인, 동방 인",いん,つつしむ·とら
乃,이에 내,だい·ない,すなわち·なんじ·の
凹,오목할 요,おう,
洲,물가 주,しゅう,しま·す
樺,"벚나무 화, 자작나무 화",か,かば
槙,향나무 진,しん·てん,まき
巌,바위 암,がん,いわ·いわお·がけ·けわしい
睦,화목할 목,ぼく,
錬,단련할 련,れん,
胡,"되 호, 오랑캐 이름 호, 수염 호",う·こ·ご,いずくんぞ·えびす·でたらめ·ながいき·なんぞ·みだり
峻,"높을 준, 준엄할 준",しゅん,おおきい·きびしい·けわしい·たかい
衷,속마음 충,ちゅう,
第,차례 제,だい,
氏,"각시 씨, 성씨 씨, 나라 이름 지",し,うじ
宮,집 궁,きゅう·ぐう·く,みや
結,"맺을 결, 상투 계",けつ,むすぶ·ゆう·ゆわえる
案,책상 안,あん,
整,가지런할 정,せい,ととのう·ととのえる
挙,들 거,きょ,あがる·あげる
統,거느릴 통,とう,すべる
保,지킬 보,ほ,たもつ
基,터 기,き,もと·もとい
昭,밝을 소,しょう,
松,"소나무 송, 더벅머리 송",しょう,まつ
価,값 가,か,あたい
提,"끌 제, 떼지어 날 시",てい,さげる
票,표 표,ひょう,
応,응할 응,おう,こたえる
検,검사할 검,けん,
器,그릇 기,き,うつわ
士,선비 사,し,
証,증거 증,しょう,
級,등급 급,きゅう,
健,굳셀 건,けん,すこやか
護,도울 호,ご,
態,모습 태,たい,
条,조목 조,じょう,
幹,"줄기 간, 주관할 관",かん,みき
独,홀로 독,どく,ひとり
隊,"무리 대, 떨어질 추, 길 수",たい,
率,"거느릴 솔, 비율 률(율), 우두머리 수",りつ·そつ,ひきいる
派,갈래 파,は,
衛,지킬 위,えい,
張,베풀 장,ちょう,はる
里,마을 리(이),り,さと
義,옳을 의,ぎ,
策,꾀 책,さく,
評,평할 평,ひょう,
標,표할 표,ひょう,
製,지을 제,せい,
裁,옷 마를 재,さい,さばく·たつ
司,맡을 사,し,
康,편안 강,こう,
授,줄 수,じゅ,さずかる·さずける
紀,벼리 기,き,
博,넓을 박,はく·ばく,
救,구원할 구,きゅう,すくう
展,펼 전,てん,
視,볼 시,し,
修,닦을 수,しゅう·しゅ,おさまる·おさめる
織,"짤 직, 기치 치",しき·しょく,おる
故,연고 고,こ,ゆえ
矢,화살 시,し,や
弁,"고깔 변, 즐거워할 반",べん,
功,공 공,こう·く,
株,그루 주,かぶ,
素,"본디 소, 흴 소",そ·す,
養,기를 양,よう,やしなう
街,거리 가,がい·かい,まち
姿,모양 지,し,すがた
閣,집 각,かく,
益,더할 익,えき·やく,
衆,무리 중,しゅう·しゅ,
節,마디 절,せつ·せち,ふし
興,일 흥,きょう·こう,おこす·おこる
推,"밀 추, 밀 퇴",すい,おす
郡,고을 군,ぐん,
詩,시 시,し,
討,칠 토,とう,うつ
憲,법 헌,けん,
激,격할 격,げき,はげしい
系,이어맬 계,けい,
批,비평할 비,ひ,
盟,맹새 멩,めい,
志,"뜻 지, 기치 치 ",し,こころざし·こころざす
典,법 전,てん,
従,좇을 종,じゅう·じゅ·しょう,したがう·したがえる
拡,넓힐 확,かく,
就,나아갈 취,しゅう·じゅ,つく·つける
丁,"고무래 정, 장정 정",ちょう·てい,
異,다를 이(리),い,こと
厳,엄할 엄,げん·ごん,きびしい·おごそか
遺,남길 유,い·ゆい,
倉,곳집 창,そう,くら
模,"본뜰 모, 모호할 모",ぼ·も,
唱,부를 창,しょう,となえる
属,엮을 속,ぞく,
宣,베풀 선,せん,
盛,성할 성,せい·じょう,もる·さかる·さかん
皇,"임근 황, 갈 왕",おう·こう,
臨,임할 림(임),りん,のぞむ
企,꾀할 기,き,くわだてる
旗,기 기,き,はた
源,근원 원,げん,みなもと
豆,콩 두,ず·とう,まめ
創,비롯할 창,そう,つくる
障,막을 장,しょう,さわる
筋,힘줄 근,きん,すじ
災,재앙 재,さい,わざわい
沢,못 택,たく,さわ
暑,더울 서,しょ,あつい
善,착할 선,ぜん,よい
闘,싸울 투,とう,たたかう
葬,장사 지낼 장,そう,ほうむる
避,피할 피,ひ,さける
逮,"잡을 체, 미칠 태",たい,
迫,핍박할 박,はく,せまる
潮,"밀물 조, 조수 조",ちょう,しお
惑,미혹할 혹,わく,まどう
崩,무너질 붕,ほう,くずす·くずれる
聴,들을 청,ちょう,きく
芽,싹 아,が,め
脱,벗을 탈,だつ,ぬぐ·ぬげる
肥,살찔 비,ひ,こえ·こえる·こやし·こやす
鋼,강철 강,こう,はがね
笛,피리 적,てき,ふえ
締,맺을 체,てい,しまる·しめる
俵,나누어줄 표,ひょう,たわら
執,잡을 집,しつ·しゅう,とる
縦,"늘어질 종, 세로 종",じゅう,たて
房,방 방,ぼう,ふさ
撤,거둘 철,てつ,
削,"깎을 삭, 채지 소, 칼집 초",さく,けずる
措,"둘 조, 섞을 착, 잡을 책, 찌를 척",そ,
載,"실을 재, 일 대",さい,のせる·のる
陣,진칠 진,じん,
為,할 위,い,
抑,누를 억,よく,おさえる
眼,눈 안,がん·げん,まなこ
択,가릴 택,たく,
秀,빼어날 수,しゅう,ひいでる
徴,부를 징,ちょう,
弾,탄알 탄,だん,たま·はずむ·ひく
償,깊을 상,しょう,つぐなう
拠,의거할 거,きょ·こ,
拒,막을 거,きょ,こばむ
刑,형별 형,けい,
塚,무덤 총,,つか
致,"이를 치, 빽빽할 치",ち,いたす
繰,"고치 켤 조, 고치 켤 소",,くる
尾,꼬리 미,び,お
描,그릴 묘,びょう,えがく·かく
仁,어질 인,じん·に,
鈴,방울 령(영),りん·れい,すず
盤,소반 반,ばん,
項,항목 항,こう,
喪,잃을 상,そう,も
伴,짝 반,はん·ばん,ともなう
懸,달 현,けん·け,かかる·かける
腸,창자 장,ちょう,
契,"맺을 계, 새길 결, 보죽 이름 글, 사람 이름 설",けい,ちぎる
掲,높이 들 게,けい,かかげる
躍,"뛸 약, 빨리 달릴 적",やく,おどる
棄,버릴 기,き,
邸,집 저,てい,
還,"돌아올 환, 돌 선",かん,
穴,굴 혈,けつ,あな
潔,깨끗할 결,けつ,いさぎよい
慮,"생각할 려(여), 사실할 록(녹)",りょ,
暖,"따뜻할 난, 부드러울 훤",だん,あたたか·あたたかい·あたたまる·あたためる
朗,밝을 랑(낭),ろう,ほがらか
枠,벚나무 화,,わく
恵,은혜 혜,えけ·い,めぐむ
露,이슬 로(노),ろ·ろう,つゆ
沖,화할 충,ちゅう,おき
伊,저 이,い,かれ·これ·ただ
肺,허파 폐,はい,
緩,느릴 완,かん,ゆるい·ゆるむ·ゆるめる·ゆるやか
需,"쓰일 수, 쓸 수, 연할 연",じゅ,
購,살 구,こう,
充,채울 충,じゅう,あてる
貢,바칠 공,こう·く,みつぐ
却,물리칠 각,きゃく,
端,끝 단,たん,はし·はた·は
熟,익을 숙,じゅく,うれる
獲,얻을 획,かく,える
併,아우를 병,へい,あわせる
徹,통할 철,てつ,
衝,찌를 충,しょう,
焦,탈 초,しょう,こがす·こがれる·こげる·あせる
奪,빼앗을 탈,だつ,うばう
陛,대궐 섬돌 폐,へい,
浦,개 포,,うら
析,쪼갤 석,せき,
譲,사양할 양,じょう,ゆずる
称,일컬을 칭,しょう,
挑,"돋을 도, 기릴 조",ちょう,いどむ
誘,꾈 유,ゆう,さそう
紛,어지러울 분,ふん,まぎらす·まぎらわしい·まぎらわす·まぎれる
促,"재촉할 촉, 악착스러울 착",そく,うながす
慎,삼갈 신,しん,つつしむ
控,"당길 공, 칠 강",こう,ひかえる
握,죌 악,あく,にぎる
俊,준걸 준,しゅん,
渋,떫을 삽,じゅう,しぶ·しぶい·しぶる
銃,총 총,じゅう,
糖,"엿 당, 엿 탕",とう,
携,이끌 휴,けい,たずさえる·たずさわる
診,진찰할 진,しん,みる
託,부탁할 탁,たく,
撮,"모을 촬, 사진 찍을 촬",さつ,とる
侵,침노할 침,しん,おかす
逐,쫓을 축,ちく,
斥,물리칠 척,せき,
槻,둥근 느티나무 규,き,つき
蝶,나비 접,ちょう,
詔,"조서 조, 소개할 소",しょう,みことのり
琢,다듬을 탁,たく,みがく
蕉,파초 초,しょう,
宵,밤 소,しょう,よい
琉,유리 류,りゅう·る,
妄,망령될 망,ぼう·もう,
朋,벗 붕,ほう,とも·なかま
藍,"쪽 람(남), 볼 감",らん,あい
酌,"술 부을 작, 잔질할 작",しゃく,くむ
遼,멀 료(요),りょう,はるか
唄,염불 소리 패,,うた
橘,귤 귤,きつ,たちばな
漱,양치질할 수,そう,がい·くちすすぐ·すすぐ
呂,"성 려(여), 법칙 력(여)",ろ,
頒,"나눌 반, 머리 클 분",はん,
苑,"나라 동산 원, 막힐 울",うつ·えん·おん,その·ふさがる
巽,손괘 손,そん,たつみ·ゆずる
肢,팔다리 지,し,
杜,막을 두,ず·と,とじる·ふさぐ·もり·やまなし
謄,베낄 등,とう,
瞳,눈동자 동,どう,ひとみ
湧,끓어오를 용,ゆう,わく
欣,기쁠 흔,きん·ごん,よろこぶ
巴,꼬리 파,は,うずまき·ともえ
嗣,이을 사,し,
禎,상서로울 정,てい,さいわい
稜,모 날 릉(능),りょう·ろう,かど
倭,왜나라 왜,い·わ,やまと
畝,"이랑 무, 이랑 묘",,うね
抄,뽑을 초,しょう,
斐,문채 날 비,ひ,あや
魁,괴수 괴,かい,おおきい·かしら·さきがけ
惰,게으를 타,だ,
虹,무지개 홍,,にじ
鴻,기러기 홍,こう,おおきい·おおとり·ひしくい
蛮,오랑캐 만,ばん,
於,"어조사 어, 탄식할 오",お·よ,おいて·おける
赳,헌걸찰 규,きゅう,たけし
葵,"해바라기 규, 아욱 규",き,あおい
壱,한 일,いち,
禄,복 록,ろく,さいわい·ふち
孟,맏 맹,ぼう·まん·もう,はじめ
侯,"제후 후, 어조사 혜",こう,
尭,"높다 요, 임금 요",ぎょう,たかい
巳,뱀 사,し,み
弧,활 호,こ,
暢,화창할 창,ちょう,のびる·のべる·とおる
芹,미나리 근,きん,せり
杏,살구 행,あん·きょう,あんず
鳳,봉새 봉,ぶう·ほう,おおとり
馨,꽃다울 형,きょう·けい,か·かおり·かおる·かぐわしい·かんばしい
慧,슬기로울 혜,え·けい,かしこい·さとい
附,붙을 부,ふ,
彬,"빛날 빈, 밝을 반",ひん,あきらか
匡,바를 광,きょう,すくう·ただす
但,"다만 단, 거짓 탄",,ただし
眉,눈썹 미,み·び,まゆ
欽,"공경할 흠, 신음할 음",きん,うやまう·つつしむ
芋,"토란 우, 클 후",,いも
嵯,"우뚝 솟을 차, 울쑥불쑥할 치",さ,けわしい
綜,모을 종,そう,おさ·すべる·まじえる
翠,"푸를 취, 물총새 취",すい,かわせみ·みどり
鮎,메기 점,でん·ねん,あゆ·なまず
榛,개암나무 진,しん,はしばみ·はり
艶,고울 염,えん,つや
婆,할미 파,ば,
惣,거느릴 총,そう,すべて
蔦,담쟁이 조,ちょう,つた
隼,매 준,しゅん·じゅん,はやぶさ
渚,물가 저,しょ,なぎさ·みぎわ
倣,본뜰 방,ほう,ならう
稀,드물 희,き·け,うすい·まばら·まれ
芙,연꽃 부,ふ,はす
皐,"늪, 오월 고",こう,さつき·さわ
雛,병아리 추,す·すう,ひな·ひよこ
惟,생각할 유,い·ゆい,おもう·おもうに·おもんみる·これ·ただ
佑,도울 우,う·ゆう,たすけ·たすける
倹,검소할 검,けん,
耀,빛날 요,よう,かがやく
黛,눈썹먹 대,たい,かきまゆ·まゆ·まゆずみ
渥,두터울 악,あく,あつい·うるおい·こい
憧,동경할 동,しょう,あこがれる
惇,도타울 돈,じゅん·とん,あつい·まこと
脩,포 수,しゅう·ゆう,おさめる·ながい·ほじし
繭,고치 견,けん,まゆ
甫,"클 보, 채마밭 포",ふ·ほ,おおきい·はじめ
謁,뵐 알,えつ,
箇,낱 개,か,
且,"또 차, 공경스러울 저, 도마 조",,かつ
斤,근 근,きん,
虞,"엄려할 우, 나라 이름 우",,おそれ
墾,"개간할 간, 개간할 은",こん,
璽,옥새 새,じ,
勺,구기 작,しゃく,
爵,벼슬 작,しゃく,
遵,좇을 준,じゅん,
苗,모 묘,びょう,なえ·なわ
獣,짐승 수,じゅう,けもの
哀,슬플 애,あい,あわれ·あわれむ
跳,뛸 도,ちょう,とぶ·はねる
匠,장인 장,しょう,
蛇,"긴 뱀 사, 구불구불 갈 이",じゃ·だ,へび
澄,"맑을 징, 맑고 흐림이 나뉠 등",ちょう,すます·すむ
縫,꿰맬 봉,ほう,ぬう
僧,중 승,そう,
眺,불 조,ちょう,ながめる
唐,"당나라 당, 당황할 당",とう,から
呉,나라 이름 오,ご,
凡,무릇 범,ぼん·はん,
憩,쉴 게,けい,いこい·いこう
聡,귀 밝을 총,そう,さとい
溝,도랑 구,こう,みぞ
恭,공손할 공,きょう,うやうやしい
刈,벨 예,,かる
睡,졸음 수,すい,
錯,"어긋날 착, 둘 조",さく,
伯,맏 백,はく,
曙,새벽 서,しょ,あけぼの
陵,언덕 릉(능),りょう,みささぎ
霧,안개 무,む,きり
魂,넋 혼,こん,たましい
弊,"폐단 폐, 해질 폐, 닦을 별",へい,
妃,"왕비 비, 짝 배",ひ,
舶,배 박,はく,
餓,주릴 아,が,
窮,"다할 궁, 궁할 궁",きゅう,きわまる·きわめる
掌,손바닥 장,しょう,
麗,고울 려(여),れい,うるわしい
臭,"냄새 취, 맡을 후",しゅう,くさい·におう
悦,기쁠 열,えつ,
刃,칼날 인,じん,は
縛,얽을 박,ばく,しばる
暦,책력 력,れき,こよみ
宜,마땅 의,ぎ,
盲,"소경 맹, 눈 멀 맹, 바라볼 망",もう,
粋,순수할 수,すい,いき
辱,욕될 욕,じょく,はずかしめる
轄,다스릴 할,かつ,
萩,사철쑥 추,しゅう,はぎ
猿,원숭이 원,えん,さる
弦,시위 현,げん,つる
窒,막힐 질,ちつ,
炊,불 땔 취,すい,たく
栗,밤 률(율),り·りつ,おののく·きびしい·くり
洪,넓을 홍,こう,
摂,"당길 섭, 몰아 잡을 섭",せつ,
飽,배부를 포,ほう,あかす·あきる
嘉,아름다울 가,か,よい·よみする
冗,쓸데없을 용,じょう,
桃,복숭아 도,とう,もも
狩,사냥할 수,しゅ,かり·かる
朱,붉을 주,しゅ,
渦,소용돌이 와,か,うず
紳,띠 신,しん,
枢,지도리 추,すう,
碑,비석 비,ひ,
鍛,쇠 불릴 단,たん,きたえる
鼓,북 고,こ,つづみ
裸,벗을 라(나),ら,はだか
猶,"오히려 유, 움직일 요",ゆう,
塊,덩어리 괴,かい,かたまり
旋,돌 선,せん,
幣,"화폐 폐, 두를 잡",へい,
膜,"꺼풀 막, 막 막, 오랑캐 절 모",まく,
扇,부채 선,せん,おうぎ
槽,구유 조,そう,
慈,사랑 자,じ,いつくしむ
鎌,낫 겸,,かま
伐,칠 벌,ばつ,
蚕,누에 잠,さん,かいこ
漬,담글 지,,つかる·つける
糾,"얽힐 규, 삿갓 가뜬할 교",きゅう,
墳,무덤 분,ふん,
坪,들 평,,つぼ
紺,"감색 감, 연보라 감",こん,
慌,어리둥절할 황,こう,あわただしい·あわてる
娯,즐거워할 오,ご,
辰,"별 진, 때 신",しん,たつ·とき·ひ
霞,노을 하,か,かすみ·かすむ
羅,"벌일 라(나), 그물 라(나)",ら,
峡,골짜기 협,きょう,
俸,녹 봉,ほう,
厘,"다스릴 리(이), 가게 전",りん,
峰,봉우리 봉,ほう,みね
醸,술 빚을 양,じょう,かもす
弔,"조상할 조, 이를 적",ちょう,とむらう
乙,새 을,おつ,
汁,"즙 즙, 맞을 협",じゅう,しる
尼,"여승 니(이), 말릴 닐(일)",に,あま
遍,두루 편,へん,
衡,"저울대 형, 가로 횡",こう,
那,"어찌 나, 어조사 내",な,
薫,향풀 훈,くん,かおる
猟,사냥할 렵,りょう,
款,항목 관,かん,
閲,검열할 열,えつ,